00john,2
01,3259
02,6581
02tik,2
03,935
032419,1
03iht,1
03rangers,1
04,1131
05,791
052018,1
052718,1
06,1101
07,2548
08,1713
09,487
09marathon,1
1,6979
10,498
100,59
100000005492201,1
100000006025347,1
100000006361342,1
100000006795557,1
100000007070943,1
100000007188759,1
100000007194871,2
100000007202247,2
100000007227782,2
100000007242014,1
100000007256689,1
100000007258359,1
100000007258794,2
100000007259335,1
100000007264823,1
100000007268424,2
100000007268443,2
100000007268465,2
100000007269116,2
100000007269118,2
100000007269193,2
100000007269932,2
100000007271090,2
100000007271181,2
100000007271735,2
100000007271780,2
100000007271927,2
100000007272075,2
100000007272140,2
100000007278127,2
100000007297618,1
100000007297620,1
100000007297726,1
100000007297733,1
100000007299826,1
100000007299846,1
100000007299848,1
100718,1
102019,1
102217,1
10619,1
10ferguson,1
11,529
11220,1
112419,1
112617,1
11920,1
11Genome,1
12,490
12019,1
120317,1
12118,1
121519,1
121618,1
122417,1
12818,1
12819,1
12918,1
13,216
14,299
149815,1
14reuters,1
15,302
150000,1
150978,1
16,658
1619,2
16th,1
17,941
18,714
19,1058
1923,2
1930s,1
1943,1
1948,4
1950s,2
1959,2
1964,1
1970,1
1974,1
1976,2
1979,2
1980s,3
1981,1
1983,2
1984,6
1985,4
1986,1
1987,1
1988,5
1989,2
1991,1
1992,6
1993,2
1994,4
1996,3
1998,2
1999,3
19reuters,2
19th,8
1s,2
1st,1
2,12323
20,8713
200,61
2000,4
2001,4
2002,5
2003,5
2004,5
2005,5
2006,6
2007,4
2008,8
2009,14
2010,11
2011,8
2012,17
2013,21
2014,78
2015,81
2016,432
2017,651
20170212,1
20170226,1
20170305,1
20170326,1
20170402,1
20170423,1
20170430,1
20170507,1
20170521,1
20170528,1
20170604,1
20170618,1
20170716,1
2018,476
2019,748
2020,5825
20200709,1
2054,1
20Bidgood,1
21,247
2117,1
217,3
21719,1
21reuters,1
22,263
220,10
2220,1
22john,2
22reuters,2
23,271
239,2
23gates,1
23nsa,1
24,286
24Obamanomics,2
25,219
26,214
27,294
27reuters,2
28,305
28reuters,1
28scoo,1
29,334
29155,1
2920,2
29762,2
29iht,1
3,2271
30,421
3000,3
30687,1
30adco,1
30hunt,2
30th,1
31,378
3120,1
31719,1
31healthquiz,2
322019,1
32518,1
32920,1
33119,1
3418,1
35,5
36,8
37WXW,2
4,1772
40,5
41220,1
41419,1
41920,1
42119,1
430000,1
4520,1
4a,2
4th,4
5,1357
50,11
51318,1
51720,1
52420,1
52619,1
5618,1
5g,4
6,2018
600,2
60219,1
61420,1
61718,1
62120,1
62820,1
63019,1
6318,1
65,6
66,4
66th,1
67,3
68,9
69,9
6ix9ine,1
7,3811
70,22
700,1
70th,2
71220,1
71518,1
72,54
72119,1
72218,1
72620,2
73,9
737,4
75,5
7520,1
765,1
7719,1
8,2806
80s,4
81218,1
81317,1
8220,3
82320,1
82618,1
82717,1
83020,1
86505,1
86633,1
8920,1
9,1910
90,4
911,5
91618,1
92219,1
93018,1
AIDS,3
AP,1
AUST,2
Africa,2
Amazon,2
Americans,2
Angela,2
BK,2
Beirut,1
Berman,2
Berrettini,1
Bezos,1
Brazil,2
Breonna,1
CHAZ,1
CHOP,1
CK,2
CN,2
Chapo,1
Chicago,1
Chiefs,1
China,2
Clark,1
Connie,2
Coronavirus,3
Covid,6
DIY,3
DK,1
Democrats,1
Donald,1
Dr,2
East,2
El,3
Elections,2
Geoffrey,2
George,1
Givenchy,1
Gotabaya,1
Helen,2
Homepage,2
Homepage&action,1
Houghton,2
Hurricane,2
India,2
Iran,1
Isaias,4
Jack,2
Jefferson,2
John,2
Jones,1
Kenneth,1
Knake,2
Li,2
Lord,1
Lovings,2
MSB,2
Mangal,2
Marries,1
Matteo,1
McCulloch,1
Middle,2
Monica,1
Morandi,2
Moser,2
Most,2
Munir,2
N95,1
NFL,2
NK,2
NYC,1
Netanyahus,2
New,1
OT,2
Oklahoma,2
Open,1
Opinion,1
P1_Prod_Version,1
PewDiePie,1
Presidential,1
Rajapaksa,1
Reed,2
Renee,2
Republican,1
Rooney,2
SC,2
SP,2
Sara,2
Saudi,2
Seed,2
Slaoui,2
Small,2
Stanley,2
Supreme,2
TIK,2
TV,2
TZ,1
Taylor,2
Trump,1
UN,1
US,3
Viewed,2
Vote,1
Voting,2
WG,2
Walker,1
Wallace,2
Wenliang,2
William,1
Woods,2
Yoenis,2
Young,2
Ziff,2
a,19700
aaron,2
abaco,1
abandoned,3
abba,3
abbott,1
abc,3
abdel,2
abdi,1
abducted,2
abductions,1
abe,56
abelson,2
abi,59
abolish,2
abortion,16
abortions,2
about,18
abraham,3
abroad,1
absent,5
absentee,4
absolutely,1
abuse,6
abuses,1
aca,19
academia,2
academic,2
academy,1
accelerated,2
accent,1
accepted,1
access,3
accomplice,2
accord,3
account,8
accounts,1
accuracy,2
accusation,5
accusations,3
accused,5
accuses,2
acerri,2
acoustics,1
acquisition,2
acquitted,1
across,2
act,627
acting,4
action,16
activism,1
activist,4
activists,2
activities,2
activity,1
actor,4
actors,1
actresses,1
acts,5
actually,1
acxiom,1
ad,906
adam,12
adda,1
added,1
address,1
adeel,2
adewumi,2
adha,3
adkins,2
adler,2
administration,3
administrations,1
adolescents,1
adopcion,2
adoption,2
adrian,2
ads,4
adult,4
adults,2
advantages,1
adventure,2
advertiser,3
advertisers,1
advertising,1
advice,1
adviser,8
advisers,2
aerosols,2
af,164
afc,1
affair,3
affect,1
affordable,7
affront,1
afghan,21
afghanistan,15
africa,44
african,6
after,18
aga,664
again,10
against,6
age,122
agency,3
agent,15
agents,6
aging,1
ago,28
agonizing,1
agree,9
agreed,1
agreement,1
agrees,4
agriculture,2
agustina,2
ahead,2
ahmad,1
ahmaud,1
ahmed,4
ahn,8
ai,585
aid,47
aide,2
aides,1
aids,12
aileen,2
ailes,4
aim,21
aimee,5
aims,7
air,77
airbnb,11
airborne,2
airbus,1
aire,10
airflow,1
airlines,4
airplane,3
airplanes,2
airports,3
akaka,1
akbar,2
akeem,1
al,2300
alabama,6
alan,20
alarming,2
alaska,6
alba,5
albany,1
albasheer,2
albert,9
alberto,3
album,2
aleksandr,1
alemania,1
aleppo,5
alex,29
alexa,16
alexander,7
alexandra,2
alexandria,5
alexandrian,2
alexis,1
alf,6
alfredo,2
algeria,2
algorithmic,2
ali,184
alibabas,1
alice,3
alicia,1
alimentari,1
alinea,1
alisha,1
alive,2
aliza,7
all,374
allan,2
allege,1
allen,10
allison,2
allow,3
allyson,2
almond,1
almost,5
almukhtar,2
alone,8
alpha,2
alphabet,1
als,52
alsace,2
alsacia,2
alter,3
alternate,1
alternatino,1
altuzarra,2
altuzarras,1
aluminum,2
alvarez,2
alvaro,3
always,1
alzheimers,5
aman,13
amass,2
amazon,42
amazons,1
ambassador,6
amber,2
amendment,8
america,165
american,39
americanisms,1
americans,7
americas,88
aminatou,2
amitabh,1
amona,1
amos,3
amphan,2
amsterdam,1
amtrak,1
amy,16
an,2792
ana,95
analysis,4
analytica,1
analytics,1
anaphylactic,1
anbang,2
anchors,1
anchovy,1
ancient,1
and,531
andersen,2
anderson,2
andre,17
andrea,1
andres,2
andrew,11
andy,8
anemona,2
anemones,1
angel,21
angela,2
angeles,12
angelo,2
angels,2
anglerfish,2
anglo,1
angola,1
angry,2
animal,6
animals,1
anita,2
anjali,2
ann,91
anna,13
anne,29
annexation,2
annie,8
anniversary,2
announce,7
announcement,4
announcements,3
announces,1
anonymous,1
another,4
ansiedad,1
answer,3
answers,1
ant,269
antarctica,1
anthem,7
anthony,8
anti,68
antibiotics,1
antibodies,6
antibody,4
anticompetitive,1
antifa,6
antigen,2
antiracist,1
antitrust,4
antivirus,1
antonio,9
anyone,1
aoc,3
ap,257
apartment,3
apeirogon,4
aplenty,1
apollo,6
apology,1
aponline,13
apoorva,2
app,64
appeals,3
appetite,1
apple,28
applebaum,4
applegate,1
appropriate,1
approval,2
approve,2
approved,1
apps,6
aprendo,1
april,8
aprobacion,1
ar,2609
arab,26
arabia,19
arabs,2
araminta,2
arango,1
arbery,1
arc,72
archaeology,2
architectural,1
architecture,3
archive,14
archives,13
are,212
aren,65
arent,48
argentina,8
arguing,1
argument,6
arguments,1
ari,533
aridi,2
arimah,1
arizona,19
arjamolho,2
arkansas,3
arlene,4
arm,38
armani,2
arms,13
armstrong,4
army,1
arnold,3
around,5
arpaio,4
arrest,15
arrested,4
arrests,4
arsenault,1
art,503
arte,31
arthur,3
article,49
artificial,9
artist,9
artists,3
arts,277
arturo,1
artwork,2
as,1965
ascena,1
ash,166
ashamed,2
asia,530
asian,3
asintomaticos,1
ask,77
asked,2
asks,14
asl,3
aspiration,1
assad,13
assange,8
assassination,14
assault,4
assets,1
assignment,2
assistance,3
assisted,1
assistive,2
associates,1
astead,2
astor,5
astoria,1
astronaut,3
astronauts,2
asus,1
asylum,3
asymptomatic,2
at,1647
atf,3
athlete,5
athletes,2
athletic,1
atla,8
atlanta,4
atlantic,1
atlantis,2
atoboy,1
atomic,1
att,113
attack,17
attacked,2
attacks,2
attorney,4
atwood,6
au,358
auction,3
auctions,2
audience,2
audiences,1
audio,2
auditions,1
audits,1
aufrichtig,3
aug,22
august,6
augustown,1
aunt,8
aurlus,2
austen,2
austin,6
australia,51
australian,2
authentic,3
authentically,1
authoritarianism,2
auto,13
autocrat,2
automatic,1
automobile,3
automobiles,1
autopsy,2
avenue,3
avid,53
avoid,2
award,1
away,6
awkward,2
aya,17
ayatollah,1
ayelet,2
ayers,5
azar,5
azi,667
aztecas,1
b,5014
babu,2
baby,7
bachchan,1
back,35
backed,1
backers,1
background,2
backlash,2
backordered,1
backs,3
backyard,1
bad,5
badge,1
badminton,1
bag,4
bailey,2
bailouts,1
bailyn,1
bain,2
bake,7
baker,5
baklava,1
baldwin,1
ball,146
ballad,1
ballistic,4
balloon,4
balloons,2
ballot,6
ballots,5
baltimore,2
ban,117
bana,2
band,6
bangladesh,12
bangladeshi,1
bank,21
bankruptcy,6
bankrupting,1
bankrutpcy,2
banks,2
banned,3
bannon,4
bans,1
bar,67
barack,4
barbara,7
barbot,2
barcelona,1
barclays,1
barely,2
barenboim,1
barker,1
barksdale,2
barnes,3
barr,15
barrack,1
barred,1
barriers,1
barry,6
bars,7
barstool,2
barstow,2
baruch,4
base,40
baseball,36
basel,1
bashar,1
basketball,35
bass,23
bassett,3
bassey,3
bastiaans,2
bastianich,2
batali,4
batesburg,2
bats,2
battery,2
battle,7
battlegrounds,1
battles,1
battling,2
bauer,2
baviera,2
bayern,1
bayes,2
bayntun,1
bazaar,1
bbq,3
bc,10
bcg,1
be,590
beach,8
beaches,1
beale,1
bear,5
beard,2
bears,1
beatles,4
beau,5
beauty,4
became,2
becomes,1
becoming,5
bedroom,2
bee,5
beer,1
beetle,2
before,4
began,2
beginning,2
behavior,1
behind,22
behnken,1
behrouz,9
beijing,6
being,2
beirut,24
belafonte,2
belarus,1
belfast,2
belgium,2
believed,1
believers,3
belittles,1
belle,6
belluck,2
belongs,1
below,2
ben,55
bench,1
bend,4
bender,3
benedict,2
benefit,15
benefits,14
benjamin,9
bennet,3
bennhold,1
bennie,2
benoit,2
bentley,2
bercow,1
bergen,3
bering,2
berkeley,1
berkshire,2
berkshires,1
berlin,3
berlinger,1
berman,8
bernaldina,2
bernard,6
bernardin,3
bernardine,2
bernay,2
bernhardt,2
bernice,2
bernie,16
berries,1
berry,4
bertha,2
beryl,2
besides,1
best,48
betelgeuse,3
beto,2
betsy,11
better,2
betty,1
between,1
betye,1
beverly,1
bey,19
beyonce,11
beyonces,1
beyond,3
bezos,3
bhagat,1
bias,1
bible,1
bicycle,1
bid,145
bidding,1
biden,142
bidens,1
bieber,3
big,33
biggest,4
bihar,1
bike,5
bikes,4
bill,42
billboard,3
billie,3
billing,1
billion,10
billionaire,3
billionaires,2
bills,2
billy,4
bin,35
bing,10
bio,11
biography,3
biology,2
bipartisan,1
bipoc,1
bipolar,5
bird,4
birds,3
birkin,2
birth,4
birthday,1
birx,2
biscotti,1
bishop,1
bistro,1
bitcoin,2
biting,2
black,81
blackhorse,2
blacki,3
blacklist,3
blackout,1
blackrock,2
blacks,2
blackstone,1
blagojevich,2
blake,2
blame,1
blanca,1
blanco,3
blank,3
blankers,2
blasio,7
blast,4
blasts,2
blender,3
blige,1
blind,1
blm,4
bloch,2
block,6
blocked,1
blocking,3
blog,2
blood,10
bloodshed,1
bloodstain,1
bloomberg,3
bloomfield,2
blow,8
blowback,1
blower,2
blue,13
blues,1
bluff,2
blum,5
blume,3
blunt,1
board,5
boasts,2
boat,6
boateng,1
boats,2
bob,2
bode,2
body,10
boeing,9
bogel,2
boils,1
bolivia,2
bolsonaro,12
bolt,15
bolton,13
bomb,12
bombay,1
bombing,5
bombings,1
bonner,2
boochani,8
book,515
bookends,2
booker,9
books,352
boons,3
boosted,1
booster,1
border,17
bored,5
boris,3
borjas,2
bork,2
born,3
borrowing,1
bosman,1
boss,5
bossa,2
boston,6
bosworth,2
both,4
bothy,2
bottoms,1
bouie,4
bounties,3
bounty,1
bowl,5
bowles,1
bowman,2
boxed,1
boycott,2
boycotts,1
boyd,2
bp,9
braced,1
bracelet,2
brad,7
bradley,2
brady,2
brain,4
brancazio,2
branch,1
brand,16
brandis,2
brando,5
brandon,4
brands,5
brandy,2
brasserie,1
brave,2
bravo,1
brazil,17
brazilian,1
breach,6
breached,2
bread,1
break,21
breakfast,2
breaks,2
breastcancer,1
breath,3
breeds,1
brees,1
brenda,4
brennan,6
brennand,2
brennans,1
brent,2
breonna,8
bret,5
brett,1
breweries,1
brexit,7
brian,6
briar,2
bribery,4
bridenstine,1
bridge,13
bridgers,2
bridges,1
bridget,3
bridgetower,1
brief,49
briefing,47
briefings,3
bright,1
brigid,1
brilliant,1
brimley,1
bring,3
brings,2
brinkerhoff,1
bristol,1
britain,13
britains,1
british,6
broad,10
broadcom,1
broadus,1
broadwater,1
broadway,4
broccoli,1
broidy,6
broke,7
broken,1
brokers,3
bromwich,2
broni,2
bronner,1
bronx,3
brooke,2
brookins,2
brooklyn,8
brooks,6
broom,1
brother,9
brothers,2
brougher,1
brown,14
browne,2
browning,2
bruce,3
bruise,1
brunello,1
bruni,6
brushing,1
bryan,7
bryant,1
bubba,1
bubble,4
bubola,1
buchanan,1
bucket,4
buckley,2
bucky,2
buco,1
buddha,5
budget,7
buettner,2
buford,2
bug,3
build,13
building,6
buildings,2
builds,2
built,2
bulb,1
bulgaria,1
bullock,1
bulls,1
bump,1
bureau,5
buren,2
burials,1
burke,2
burkina,1
burn,8
burnats,1
burners,1
burning,2
burns,2
burroughs,2
burrow,1
burst,1
buses,2
bush,14
bushnell,1
bushwick,1
business,653
businesses,9
busing,1
busted,1
but,34
butch,1
butler,2
butt,12
butter,5
butterfly,2
butterworth,1
buttigieg,6
buy,12
buyback,1
buying,6
buys,3
by,629
byrne,1
byron,2
bytedance,12
c,11039
cabinet,9
cade,11
cafe,2
cage,1
cai,20
cain,16
cains,2
cairo,1
cake,3
cal,136
calculator,2
calendar,2
california,43
call,32
called,3
calling,19
cam,53
cambridge,1
camera,6
cameras,3
camp,40
campaign,28
campaignId,3
campaigns,2
camping,4
camps,3
campus,2
can,243
canada,32
canadian,2
cancel,12
canceled,4
cancellations,1
cancels,2
cancer,7
candace,1
candidate,6
candidates,4
candy,3
cannabis,2
canon,1
cant,4
canteen,1
cantrell,1
cape,8
capital,4
capitalism,1
capozucca,2
captain,1
captivating,1
capture,3
captured,1
car,195
caramanica,1
carbon,2
card,14
cardi,3
cardinals,2
cardoz,3
cards,2
care,65
career,1
caregivers,1
caren,1
cares,2
carey,3
carfentanil,1
caribbean,4
carine,1
caring,1
carl,22
carlos,10
carlson,5
carlyle,1
carmen,2
carnage,2
caro,37
carol,35
carole,3
carolina,20
caroline,2
caroll,1
carolyn,6
carpenter,3
carpet,1
carrie,10
carrier,3
carries,1
cars,4
carson,1
carted,1
carter,3
cartwright,2
carvel,2
caryn,1
casa,1
case,46
cases,38
casey,2
cash,2
cassadaga,2
casselman,1
cassini,1
cast,198
castaneda,2
caste,6
casting,3
castro,5
casualty,3
cat,39
catherine,4
catholic,2
catholics,1
catie,2
cats,2
catsoulis,1
catwoman,2
caucus,2
caught,1
cause,4
cave,4
caviar,1
ccrb,1
cdc,8
cease,1
cecilia,1
cedric,2
celant,2
celebrate,1
celebrity,6
cell,5
censorship,1
census,8
center,12
central,5
century,3
ceo,22
ceos,14
cesar,2
cespedes,2
cfo,1
chaebol,4
chain,6
chains,2
chainsmokers,1
chair,5
chairing,2
chairman,2
challenge,5
challenges,4
chamber,1
champion,9
champions,7
championship,5
chance,3
chang,31
change,29
changed,1
changer,2
changes,3
chao,4
chaos,3
chaplin,1
chapter,1
character,2
charged,2
charges,2
charging,1
charity,1
charles,16
charleston,5
charlie,4
charlotte,4
charlottesville,3
charts,1
chase,4
chaser,1
chauvin,3
cheat,1
check,18
checklists,1
checks,1
checo,4
cheese,1
chef,10
chelsea,1
chemical,2
chen,8
cheol,2
cher,17
chera,2
cherry,2
chester,1
chicago,11
chicken,7
chickpea,2
chicks,1
chief,11
chiefs,3
chiffon,2
child,54
childcare,2
children,32
childrens,5
chile,1
chimpanzee,1
china,251
chinas,4
chinatown,3
chinese,17
chip,1
chloroquine,18
chocolate,3
choi,7
choices,1
chokshi,1
choose,1
chopper,2
chozick,1
chris,24
christene,1
christian,3
christianity,1
christies,1
christina,1
christine,3
christmas,3
christopher,7
chumleys,2
church,6
churches,1
churchill,2
cia,156
cicchetti,1
cicolini,1
ciencia,23
cigarettes,1
cinga,1
cinnabon,2
circinus,1
circle,2
cisco,10
cit,41
cited,1
cities,8
citigroup,2
citing,2
citizenship,5
city,21
ciudad,1
civil,5
civilian,1
cixins,1
claim,11
claims,5
claire,3
clarke,1
clases,3
class,10
classes,2
classical,3
classmates,1
claude,1
claudia,3
clay,8
clayton,3
clean,8
cleaning,2
clear,49
clearances,1
clearview,16
cleon,2
cleveland,1
click,3
click&module,1
climate,112
climb,4
climbing,2
clinton,12
clip,3
clippers,1
cloro,2
close,6
closed,2
closer,1
closing,12
closings,5
closures,1
clothes,1
cloud,1
club,4
clubs,2
cnd,1
cnn,2
co,2615
coach,6
coachella,1
coaching,1
coal,2
coast,5
cobble,1
cocaine,2
cochet,2
cochrane,2
cocktail,1
coco,1
cod,9
code,3
codes,2
coel,1
coerced,1
coffee,3
cogley,2
cognitive,3
cohen,34
cohn,2
coin,4
coker,2
colbert,2
cold,3
colegio,2
coles,1
colin,8
collagen,2
collapse,2
collect,4
collectors,2
college,52
colleges,7
collin,15
collina,2
collins,12
colombia,7
colombian,2
colonial,3
color,3
colorado,2
colston,1
colum,137
columbia,4
columbus,2
column,127
columnists,1
combat,1
combine,3
combined,2
come,21
comeback,2
comedian,3
comedians,2
comedy,2
comes,3
comey,6
comfort,5
comic,3
comics,1
comida,2
coming,7
commander,2
commando,2
commandos,1
commencement,1
comments,1
commerce,6
commercial,3
commissioner,2
communications,3
communism,2
communist,6
community,4
commute,2
como,1
companies,6
company,7
compensation,1
competes,1
competition,1
competitive,2
complaint,2
complex,1
components,1
compounds,2
compromise,1
computer,5
computers,2
computing,1
con,393
concepcion,1
concerned,1
concerns,2
concert,1
concussion,4
conde,1
condors,2
confederate,15
conference,5
conferencia,1
confess,2
confirmation,6
confirmed,1
confirms,2
conflict,2
conger,2
conglomerate,2
congo,1
congress,48
congressional,9
conlon,2
conn,15
connected,3
connecticut,5
connor,1
conor,2
conrad,2
consensus,1
conservation,2
conservative,5
conspiracy,5
constitution,4
constitutional,2
construction,1
consulates,1
consumer,6
consumers,1
consumption,3
contact,12
contacts,2
contagio,2
contemporary,1
content,5
contentious,2
continually,2
continued,1
continues,1
contra,1
contributors,3
control,8
controls,2
controversies,1
convencion,1
convention,18
conversation,2
converse,1
conversion,2
convicted,1
conway,6
conyers,2
cook,20
cookie,7
cooking,6
cool,1
cooper,5
cooperating,1
coordinator,1
copeland,2
coping,1
cops,2
coq,1
coral,1
corasaniti,1
cordell,1
cordero,2
coretta,2
corey,3
cori,4
corker,1
corliss,2
corn,6
cornavirus,2
cornelissen,1
corner,1
corona,1261
coronavirus,1260
coronovirus,1
coronvirus,1
corporate,5
corporation,1
corpus,2
correal,1
corrections,4
correo,2
corrigan,2
corruption,3
corte,9
cortes,2
cortez,6
cory,4
cosmas,2
cosmopolitan,1
cost,1
cottle,2
cotton,2
cotugno,1
cough,1
could,11
council,1
counsel,2
count,18
countries,1
country,3
county,4
coup,7
couple,3
couples,2
course,2
court,26
courts,1
couto,1
couture,2
cover,30
coverage,2
covid,109
cowan,2
cowell,2
cowley,2
coxsone,1
coze,1
cpac,1
crack,3
cracks,1
craig,3
cramer,1
cranston,2
crawford,1
crazy,3
create,5
creates,2
creative,2
creatives,1
credit,2
creem,2
creepy,1
creswell,2
crew,2
crewdson,1
crime,21
crimea,1
criminal,2
crisis,7
crispr,2
crispy,2
cristina,2
critical,1
critics,3
croatia,1
crocodile,1
crooked,1
crossing,1
crossword,7
crosswords,5
crowd,5
crowley,7
crown,1
crucial,1
cruise,11
cruises,2
crumble,2
crunch,1
crusade,1
crushing,3
crust,1
cruz,1
ct,1360
cubrebocas,4
cuccinelli,1
cucumbers,2
culp,3
cultura,10
cultural,4
culture,24
cummings,3
cuomo,4
cup,14
curator,2
curbing,1
currency,2
curso,1
curtis,2
custard,1
customers,2
cut,54
cuts,3
cutting,1
cvs,1
cy,157
cyber,5
cyberattack,3
cyc,7
cycling,1
cyclone,4
cynthia,1
cyrus,9
cytokine,2
czech,1
d,7890
da,735
daca,1
daddy,1
dahir,1
daily,54
daisy,4
dakota,9
dale,8
dalkowski,2
damage,3
dame,2
damien,2
dams,2
dan,80
dana,2
dance,25
dances,2
danchenko,1
dancing,2
dangerous,1
dangly,1
dani,27
daniel,26
danielle,2
daniels,4
danny,3
dante,1
dare,2
darfur,1
darius,2
dark,4
darnold,1
darren,4
data,19
database,1
dates,6
dating,4
daughters,1
dave,7
davey,3
david,52
davis,1
dawn,2
dawoud,1
day,240
days,11
dc,175
de,1930
dead,469
deadlines,1
deal,76
dealbook,49
dealer,1
deals,2
dear,2
death,40
deaths,15
debate,18
debates,5
debbie,2
debt,3
dec,18
decades,4
decency,2
decide,1
decline,2
declutter,1
decoding,2
decolonization,3
deductions,1
deeman,1
deep,7
defamation,2
defector,2
defects,2
defends,2
defense,20
defiant,1
deficit,1
defies,1
definition,1
deforestation,2
defund,9
defunds,1
degeneres,2
dejoy,3
del,54
delaney,1
delaware,2
delay,9
delays,1
delegate,1
delhi,3
deliberate,2
delist,1
delivery,1
dell,3
delphine,1
delta,5
deltas,1
demands,1
dementia,2
demings,1
democracia,2
democracies,2
democracy,10
democratic,43
democrats,20
den,295
denial,1
denies,1
deniro,1
denis,3
denise,2
denizet,1
dennis,2
dentists,1
department,8
deploy,2
depraved,1
deputy,2
derechos,1
derek,5
derosa,1
derrick,1
derrida,2
desantis,3
descend,1
deserve,2
design,60
designer,6
designers,1
desinformacion,2
despite,3
dessert,2
destination,1
destroy,4
destroying,1
detailed,2
detained,2
detainees,1
detencion,2
detention,1
detest,1
detroit,3
deutsche,6
deval,2
developer,1
devi,2
devils,1
devon,2
devos,9
devries,2
dewine,2
dez,5
dg,69
dhs,3
di,919
diagnosis,2
dialogues,2
diamond,2
diaries,1
diary,5
diaryofasong,2
diaz,3
dibango,2
dick,7
dickey,2
dictator,3
dictatorships,1
did,8
die,78
died,5
diego,3
dies,50
diet,5
dieting,1
different,3
differently,1
diffie,2
digital,7
digitizing,1
dimples,1
din,310
dining,188
diouf,2
dioxide,1
diplomats,1
direct,4
director,2
directs,1
dirt,5
disabilities,5
disability,12
disabled,2
disagrees,1
disappear,3
disappearing,1
disappears,1
disaster,9
disasters,1
disbands,2
discharges,1
discloses,1
discover,1
discrimination,6
discuss,7
discussion,5
disease,4
diseases,1
dish,3
disinfectant,1
disinformation,3
disinvited,1
disney,5
disorder,4
disorders,2
dispatches,2
dispels,1
dissent,2
distance,1
distancing,2
distilleries,4
distillery,1
distraction,1
distressed,1
district,33
ditching,1
diversity,1
dividend,1
divisions,4
divorce,1
divorcing,1
dixie,1
dixon,2
diy,4
dizzy,1
dji,2
djokovic,2
dna,3
dnc,15
do,540
doan,2
dobby,2
dobson,2
docs,2
doctor,12
doctors,6
document,5
documentary,2
documents,1
dod,4
dodd,1
dodson,1
does,7
doesn,2
doesnt,1
dog,10
dogg,1
dogs,2
doing,2
doja,4
dolan,1
dole,3
dolin,1
dollar,3
dolomites,1
dolphins,2
domestic,5
domesticada,2
dominant,2
dominic,4
dominican,2
dominion,1
don,216
donald,165
donaldson,1
donate,1
donations,1
done,6
donna,1
donor,2
dont,8
dooley,2
doomscrolling,2
door,10
dorfman,1
doria,5
dorian,3
doris,2
dorsey,2
dos,50
dossier,1
dots,1
double,3
doubles,1
doug,10
dougherty,2
douglas,4
douthat,4
dowd,5
down,26
downfall,1
download,2
downloaded,1
downtown,1
doyle,1
dr,232
draft,4
dragonfly,1
drags,1
drahi,1
drakes,1
draper,1
draw,8
draws,3
dream,6
dreams,1
dress,6
dressing,1
drew,12
dreyfus,1
dried,1
drifter,1
drilling,1
drink,14
drinks,12
driscoll,2
driskell,2
drive,7
driver,1
drone,3
drones,2
drop,25
dropping,1
drops,20
drucker,1
drug,19
drugs,5
du,99
duanzi,1
dubrovnik,3
duchess,1
duck,10
duckduckgo,1
duckworth,8
duffy,1
dug,2
duke,4
dulce,2
duluth,1
dumping,1
dunn,2
duplex,1
during,6
dustin,2
dutch,2
duterte,1
duty,2
dwarfism,1
dwayne,2
dwight,2
dye,2
dysfunctional,2
dyson,3
dzhokhar,2
e,21797
eagles,2
eames,1
earl,5
early,4
earnhardt,2
earnings,8
earth,3
earthquakes,1
east,200
eat,153
eatherly,1
eating,5
eats,2
ebola,2
echo,5
echoed,2
echoes,1
eclipse,1
economic,11
economics,2
economies,1
economy,124
ecuador,2
ed,764
eddie,4
eddy,1
edenville,2
edgar,4
edge,5
edibles,1
edit,21
edith,5
editing,2
editor,10
editorials,2
editors,3
edmondson,2
edmonton,2
edmund,4
eduardo,2
education,9
edugyan,1
edward,11
edwards,4
edwardss,2
effect,4
effectively,2
effects,1
efficacy,2
efficiency,1
effort,1
eggplant,2
ego,33
egypt,2
eid,11
eight,7
eilish,3
eisenberg,2
either,1
el,1441
elaine,2
elderly,4
elecciones,3
eleciones,1
elect,249
election,236
elections,137
electoral,8
electric,3
electricity,1
electronic,1
elegant,2
elena,3
elephants,1
elian,1
elijah,2
elin,20
eliot,2
elite,1
eliud,1
eliza,23
elizabeth,21
ella,13
ellen,6
elliott,7
ellis,2
elm,5
elon,6
elsa,3
elton,1
em,467
emad,1
email,4
emails,1
embassy,7
ember,9
embrace,1
emergency,2
emily,8
emirates,3
emirati,1
emissions,2
emma,4
emmanuel,2
emmett,1
emmy,6
emmys,4
emoji,1
emotions,1
empanadas,2
empire,2
employee,5
employees,1
employers,3
empty,3
en,2063
enceladus,2
encrypt,1
encuestas,1
end,129
endangered,1
ended,3
ending,12
endorsement,1
endorses,1
ends,8
enemy,2
energy,14
enforcement,2
enforcment,1
engaged,1
engel,2
english,2
ennio,3
enrique,2
entertainment,2
entities,1
entitled,1
entrada,1
entrepreneur,2
entrepreneurs,1
environment,20
environmental,3
ep,249
epa,34
ephron,1
epidemic,3
epidemics,1
epiphany,1
episcopal,2
episode,3
epstein,3
equestrianism,1
equifax,2
equipment,1
equivalent,1
er,3283
era,694
erasing,1
erdogan,2
eric,182
erica,168
erin,22
erlanger,1
ernesto,1
errol,2
es,3594
escape,3
escaped,2
escarabajo,2
escobar,1
escolar,1
escuela,1
esi,162
espana,2
espanol,139
esper,6
esperanto,1
espn,1
esquires,1
essays,2
essential,6
essentials,1
esta,213
estados,25
estallido,2
estate,106
esther,8
estilos,7
ethan,4
ethanol,2
ethel,1
ethicist,1
ethics,5
ethiopian,2
etiquette,3
eton,4
eu,333
eulogy,1
europe,227
european,1
eusebio,1
eva,17
evacuation,3
evan,5
evangelicals,2
evelyn,2
even,53
event,25
ever,26
everest,2
everything,5
evgeny,1
evicted,1
eviction,13
evictions,10
evil,3
ex,310
exam,4
example,1
exams,1
excess,3
excessive,1
exchange,3
exchanges,1
excremento,2
execute,7
executed,3
executes,2
execution,9
executions,6
executive,13
executives,3
exemption,1
exercise,5
exiled,1
exilio,1
exit,9
expands,2
expansion,3
expect,4
expected,3
expels,2
experience,1
experts,4
explain,8
explained,5
explore,2
explores,1
explosion,17
explosions,2
exports,1
exposed,1
exposes,1
exposure,1
expresses,1
extinction,1
extortion,2
extradition,1
extreme,2
exxon,3
eye,17
eyes,3
ezra,2
f,2598
f1,2
faa,2
faber,1
face,79
facebook,60
faces,9
facetime,1
facial,32
fact,16
factcheck,1
factories,1
factory,1
facts,1
fae,9
fahim,5
fahima,1
failed,5
failure,4
failures,1
fair,10
fairview,1
fake,10
fall,21
fallen,1
fallon,2
fallout,4
falls,2
falwell,1
fame,1
families,3
family,20
famous,2
fan,13
fandos,2
fanny,2
fans,3
fantasy,1
faq,1
far,24
fara,2
farago,1
farewell,1
farhad,2
farley,4
farmer,2
farmers,1
farnaz,1
faroe,1
farrell,2
farro,3
fascism,1
fashion,86
fassihi,1
fast,15
fasting,4
fat,10
fate,3
father,3
fathers,2
fattah,2
fauci,8
faulkner,4
faulkners,2
faults,1
favorite,3
fawkes,4
fbi,13
fc,4
fcc,2
fda,9
fears,1
feb,4
february,2
februarys,1
fed,67
federal,33
federer,2
federico,2
fedex,1
feel,3
feelings,1
fees,4
feet,1
feiffer,3
feingold,2
feisty,1
felguerez,2
felipe,3
felix,1
felt,3
fema,7
female,5
feminism,3
feminist,1
fendi,1
fentanyl,2
fenwick,2
feral,2
ferdi,2
ferguson,5
ferla,1
fernandez,1
fernando,2
ferrante,3
ferraro,2
ferry,6
festival,1
fetch,2
feuer,1
feuille,1
few,1
fi,332
fial,2
fiancee,2
fiatchrysler,1
fiction,19
fidel,5
fidelity,3
fiduciary,2
field,11
fielden,1
fields,2
fifa,1
fifth,1
fifty,2
fight,6
fighters,1
figures,2
fike,1
files,1
filibuster,1
film,15
finally,1
finals,1
finance,2
financial,11
find,7
finder,3
finding,1
finds,1
fineprint,1
finish,3
fintechs,1
fiona,4
fire,23
firearms,2
fired,4
fires,9
firestone,2
firestorm,2
firing,1
firm,11
firms,3
first,16
fiscal,2
fish,11
fisherie,1
fishing,3
fishkin,1
fit,27
fitbit,4
fitness,1
fitzpatrick,1
five,6
fix,8
fixed,2
fixes,2
fl,184
flag,6
flags,1
flamenco,1
flare,2
flares,1
flash,2
flavelle,2
flegenheimer,1
fleisher,2
flesh,2
fletcher,1
flickr,1
flight,2
flights,1
flip,1
flitter,2
floating,1
flooding,5
floods,3
flores,1
florian,2
florida,30
flow,8
flowed,1
flower,3
flowers,1
floyd,45
flu,10
fluid,1
flunking,2
flushable,1
fly,13
flyers,1
flynn,8
fnflammatory,1
focus,4
focused,1
focuses,1
foes,2
fog,2
folklore,5
followed,1
following,1
food,38
foodathons,1
foods,3
foot,63
football,58
footprint,2
for,276
force,11
forced,2
forces,2
ford,26
fords,3
foreign,20
foreigners,1
forests,1
forever,2
forge,4
forget,3
forgetting,1
forgotten,1
formally,1
former,4
formula,1
fort,17
fortin,1
fortnite,3
foryou,1
fossil,2
foster,5
foundation,2
founder,2
fountain,2
fourth,5
fox,20
fractious,1
fractures,1
fragility,2
france,22
frances,1
franchise,1
francis,9
francisco,7
francoise,1
francos,2
frank,10
frankland,2
frans,2
frat,4
frats,2
fraud,7
fred,16
fredrik,1
free,13
freedom,3
freelancers,2
freeze,1
french,4
frenchette,1
frenkel,2
frequented,1
freyer,2
friday,3
fried,17
friedman,15
friend,3
friendly,1
frittata,1
frog,4
from,46
front,8
frontera,1
frozen,1
frugal,3
fruit,1
frum,2
frustration,1
fry,2
ftc,4
fuchs,2
fuel,3
fujian,1
fujishiro,2
full,5
fuller,2
fumudoh,1
fun,47
funch,1
fund,34
funding,3
fundraising,8
funds,9
funeral,7
furious,4
furman,1
futterman,1
future,10
fx,1
g,5267
g20,1
gabbard,1
gabinete,2
gabrielle,1
gaffes,1
gaga,1
gaia,1
gail,5
gain,19
gaines,2
gains,7
gala,33
galactic,2
galante,3
galas,6
galaxy,19
galbijjim,1
gale,3
galera,1
galette,1
galleries,3
gambling,3
game,15
games,4
gamio,3
gancayco,2
gang,4
gantz,4
gap,2
garbage,2
garcia,2
garden,9
gardening,2
gardens,3
garfinkel,2
garment,3
garner,2
gary,4
gas,6
gates,4
gauld,1
gauri,1
gay,14
gaza,2
gazers,1
gazette,1
gdp,4
gdpr,1
gear,3
gebeloff,2
gedawy,2
gedmatch,2
geert,3
gelles,1
gen,114
gender,11
gene,26
genealogy,1
general,14
generals,1
generation,4
genetics,2
geniuses,2
genoa,8
genzlinger,1
geoff,4
geoffrey,2
george,76
georges,4
georgia,17
georgianna,2
gerald,6
geraldine,2
german,23
germano,2
germany,17
germs,1
geronimo,1
gerrymandering,2
gervais,1
get,46
gets,6
getting,3
gettleman,2
geun,36
ghana,1
ghislaine,2
ghosn,4
ghosting,2
gia,54
giacometti,1
gianni,1
giant,6
giants,3
gibbs,2
gibson,1
giddens,1
giffords,1
gift,2
gig,2
gilbert,2
gilead,2
gillian,2
gillibrand,1
gillis,1
gillum,1
gin,30
gina,4
ginger,1
gingrich,2
giordano,1
giorgio,2
girl,4
gita,9
giuliani,3
give,6
givenchy,1
gives,3
giving,2
gladstone,1
gladys,2
glamping,1
glanville,2
glanz,2
glass,2
glenn,5
glimpse,1
glitch,1
global,13
globalization,1
gloria,2
glory,1
glose,2
gloves,1
glowczewski,2
glueck,2
gm,28
gnaizda,2
go,241
godson,2
goes,3
gogh,4
gohmert,7
going,5
gold,35
goldberg,6
goldbergs,2
goldmacher,2
goldman,9
goldstein,8
golf,9
golfer,1
gomez,4
gonzalez,6
good,16
goode,1
goodman,2
goodrich,2
google,18
gop,6
gordon,3
gore,1
gorsuch,1
gospel,1
got,15
gotham,4
government,6
governor,10
governors,1
goya,1
gpt,2
grace,1
grad,10
grade,5
graduate,2
grady,2
graff,2
graft,2
gramercy,1
grand,11
grande,5
grant,18
grants,10
granville,2
graphic,1
gravity,2
great,6
greece,1
greek,6
green,15
greenfield,3
greenland,1
greenwich,4
greenwood,1
gregg,4
gregori,2
gregory,3
gregotti,2
gretchen,3
grew,2
griffith,1
grill,4
grimes,1
grinding,1
grindr,1
grisham,2
grizzlies,2
grondahl,2
groomer,1
ground,7
group,7
groups,1
growing,1
grown,3
grows,1
growth,2
guadalupe,2
guantanamos,1
guard,4
guards,1
guatemala,2
guidelines,2
guides,4
guilfoyle,4
guilfoyles,2
guillen,3
guilty,2
guinea,1
gujarat,1
gulamerian,2
gun,12
guns,3
gunshot,1
gupta,1
guterres,1
gutierrez,2
guy,8
guyana,2
guzman,2
gwen,1
gwyneth,1
gyalzur,2
gym,7
gymnastics,5
h,15103
haag,2
haass,2
haberman,3
habib,2
hack,43
hacked,2
hacker,8
hackers,5
hackett,4
hacking,10
had,13
hagia,3
hague,1
hahn,1
hailey,4
hair,7
haircuts,1
hajj,6
hakim,1
halbfinger,2
haldane,2
haley,6
halkbank,1
halkias,2
hall,18
halle,9
hallelujah,1
halls,1
halt,2
hamblin,2
hamilton,2
hamlets,2
hammarskjold,2
hammons,1
hampshire,3
hamptons,2
hance,4
hand,26
handgun,2
handle,3
handmaids,4
handman,2
hands,1
haney,1
hang,39
hanjan,1
hankison,1
hanks,1
hann,3
hanna,1
hant,4
happy,1
haque,1
harassment,9
hard,32
hardcover,4
harder,2
hardest,1
harding,2
hargress,2
hari,12
haridasani,1
hariri,1
harjo,2
harman,2
harmon,2
harold,4
harpercollins,1
harpers,5
harris,31
harrison,2
harry,4
hartocollis,2
harvard,6
harvest,1
harvey,3
harward,1
has,34
hasan,3
hass,3
hassan,2
hastings,3
hate,4
hats,25
hauser,2
havana,1
have,21
haven,3
having,4
haviv,4
hawaii,3
hawgood,1
hawkeye,3
hawkins,2
hawley,1
hbcu,2
hbo,6
he,1474
head,7
heal,286
health,285
healthcare,2
healthy,1
heap,1
hearing,27
hearings,2
hearst,6
heart,13
heat,38
heather,2
hecky,2
hedge,1
heherson,2
heidi,1
heights,4
heinrich,1
heir,12
heitkamp,1
helene,1
helicopter,3
helicopters,1
hell,18
hello,1
hells,2
helmreich,2
helms,1
help,15
helped,5
helping,1
helps,1
henry,8
henson,4
her,191
herawati,2
herb,4
herd,6
here,24
heres,12
herman,12
hermes,1
herndon,2
heroes,2
herpen,1
herrera,3
herring,2
herrman,1
herself,1
hersey,2
herzberg,2
hes,31
hett,5
hey,13
heydon,2
hezbollah,2
hickenlooper,2
hickey,2
hidden,1
high,18
higher,1
highest,1
highlight,2
highlights,1
hijos,1
hilary,7
hilda,2
hilderbrands,1
hill,26
hillary,8
hills,7
hillsdale,2
hiltner,1
hilton,1
him,18
hindu,5
hindus,1
hip,21
hires,2
hiroshima,8
hirschfeld,1
hirshhorn,1
his,58
hispanic,2
historian,2
historic,1
history,7
hitler,1
hits,2
hiv,18
hk,4
hms,3
ho,968
hoarding,1
hockey,11
hodgman,15
hoffman,4
hoge,2
hogwarts,1
hokusai,2
hold,10
holder,5
holders,2
holdings,1
holds,1
hole,7
holiday,5
holidays,1
hollandaise,1
hollander,6
hollow,3
holloway,2
hollywood,4
holmes,1
holyoke,2
holywood,1
home,98
homegrown,1
homeland,12
homeless,4
homes,25
homesick,1
hometown,1
homework,1
honduras,2
honesty,1
honey,6
honeybees,1
honeyland,2
hong,46
hongkong,2
honken,1
honor,1
hook,3
hoon,2
hop,15
hope,3
hopes,1
horace,1
horario,1
horn,3
horrible,1
horror,4
horse,8
horses,1
horton,2
hospital,21
hospitality,3
hospitalizations,3
hospitals,8
host,10
hostage,2
hostages,1
hostel,1
hosts,3
hot,79
hotel,7
hotels,3
hottest,1
hour,10
hours,8
house,87
householder,2
houses,1
housewives,1
housing,12
houston,4
houthi,4
houthis,2
how,128
howard,6
howardena,3
hq2,2
hsu,1
https,8762
huang,3
huawei,35
huaweis,1
hubbard,2
hubble,2
hubert,2
hubler,2
hudson,3
huge,4
hugh,2
hui,1
hulse,1
human,7
hume,2
humpback,1
hungary,2
hunger,7
hungry,3
hunter,1
hunting,3
hunts,1
hurricane,34
hurricanes,6
hurt,2
hurts,1
hurwitz,2
hush,1
hussein,4
hustle,5
hustlers,1
hut,6
huthwaite,2
hyde,2
hydrogen,4
hydroxychloroquine,16
hye,28
hype,3
hyung,2
i,20247
ian,185
ibram,1
icahn,2
icbm,2
ice,176
icebucket,1
iceland,2
icy,19
ida,68
idaho,4
identicals,1
identified,1
identity,3
idris,2
if,164
ifill,2
igor,1
ii,10
ikea,1
ikpi,3
il,846
ilhan,1
illegal,4
illinois,6
illness,2
im,583
image,6
images,1
immersive,2
immigrants,7
immigration,12
immune,7
immunity,2
imogen,1
impact,2
impeach,33
impeached,6
impeaching,2
impeachment,21
imperfect,4
important,3
imports,3
improvement,1
impulse,2
in,5908
inaction,2
inauguration,6
income,2
incoming,1
increase,2
increases,1
index,17
india,93
indian,19
indiana,5
indians,3
indictment,3
indigenous,3
indonesia,2
indoor,1
industry,3
inequality,5
inf,38
infantino,1
infections,3
inferno,2
inflammatory,1
inflation,1
influencer,4
influencers,3
informacion,3
informant,1
information,10
infowars,1
infrastructure,3
ingram,1
inhofe,2
injuries,1
injury,2
inland,1
inmate,1
inn,26
innovator,1
innuendo,1
inquirer,1
inquiry,1
insect,1
insecurity,1
inside,14
insider,11
insist,1
inskeep,3
inslee,1
inspector,4
inspiration,1
instagram,7
institute,1
institutions,2
insufferability,1
insult,2
insults,1
insurance,5
insured,1
intelligence,10
intent,1
interactive,544
intercontinental,2
interest,8
interference,1
interferon,1
interior,3
intermittent,3
internal,1
international,17
internet,9
interpret,4
interpreter,3
interrupted,1
interview,21
interviewed,1
interviews,1
intimacy,1
intimations,2
into,29
introduction,1
invest,26
investigate,2
investigation,10
investigations,2
investigators,2
investment,5
investments,2
investor,6
investors,4
ionescu,2
iowa,9
iphone,1
ipo,11
ira,83
iran,45
irans,1
iraq,8
ireland,4
iris,8
irish,4
irl,10
irma,9
is,1479
isaac,2
isabel,12
isabella,1
isabelle,1
isaias,31
isis,14
islam,8
islamic,4
islamist,1
island,22
islanders,1
islands,4
isle,2
ismail,2
ismay,1
isnt,1
isolation,1
israel,67
israeli,6
israelis,2
israels,2
issue,205
issues,4
it,2340
italia,8
italian,6
italy,33
italys,2
its,53
itself,1
ivan,6
ivanka,2
ive,763
ivory,2
ivrea,1
iyer,2
j,963
ja,194
jacey,1
jack,13
jackson,7
jacksonville,4
jacob,3
jacobs,1
jacqueline,1
jae,8
jaguars,1
jail,4
jailhouse,1
jainism,2
jam,65
jamaal,2
jamaican,1
jamal,1
jameela,2
jamelle,4
jamellebouie,2
james,38
jamie,1
jamming,2
jamshid,2
jan,12
jana,2
jane,2
janet,1
jang,2
january,1
japan,21
japanese,3
japon,3
jar,15
jared,10
jaron,1
jasmine,2
jason,5
jasper,1
jauhar,2
jay,14
jays,1
jc,1
jean,9
jeanna,1
jeannette,1
jedi,2
jeepney,1
jeff,24
jefferson,4
jeffery,3
jeffrey,7
jelinek,2
jemima,6
jen,23
jenji,1
jenkins,1
jenna,1
jennifer,15
jennifers,1
jenny,3
jeopardy,2
jere,3
jeremy,2
jericho,2
jerkins,2
jerman,2
jerry,2
jersey,4
jerusalem,4
jerzy,2
jesse,6
jessica,2
jessup,1
jet,4
jets,3
jewelry,2
jewish,2
jews,1
jezero,2
jfk,1
jho,1
ji,58
jill,6
jillian,2
jim,18
jimmy,4
jin,16
jinhua,1
jinping,6
jipcho,2
jj,10
jo,396
joan,2
joanna,1
job,37
jobless,8
jobs,24
joe,67
joel,5
joes,3
john,124
johnny,3
johnson,13
johnsons,1
joins,3
jon,76
jonah,2
jonathan,6
jones,8
jong,52
jordan,2
jose,28
joseph,12
josh,8
joshua,1
joubert,2
journal,19
journalism,5
journalist,12
journalists,8
joven,2
joy,6
joyous,1
jr,13
jrs,4
juan,5
judd,2
judean,1
judge,19
judges,1
judgment,1
judiciary,2
judy,6
juego,2
jugal,2
juice,1
jules,3
julia,17
julian,13
julie,10
juliet,2
julio,2
julivert,1
july,12
jun,6
juneteenth,4
jurisdiction,3
jurors,1
jury,4
jussi,2
jussie,1
just,28
justice,14
justices,1
justin,10
k,2965
kaatsbaan,2
kaepernick,6
kafkaesque,2
kahn,2
kai,4
kaili,1
kamal,28
kamala,26
kamholz,2
kandre,1
kang,1
kanno,2
kansas,12
kanye,2
kao,1
kapil,1
kaplan,2
kappa,1
kara,4
karaian,1
karate,2
karen,9
kariba,1
karl,1
karni,2
kashmir,14
kasich,1
kasmir,1
kaspersky,1
kate,7
katharine,1
katherine,6
kathryn,1
kathy,3
katie,10
katrin,1
katz,4
kaufman,1
kawakubo,1
kawasaki,2
kayaking,2
kayleigh,3
keep,13
keeping,4
keeps,1
kei,8
keisha,3
keith,4
kellen,2
kelli,1
kelly,21
kellyanne,4
kemp,2
ken,52
kenigsberg,1
kennedy,5
kenneth,6
kenosha,1
kentucky,9
kerch,1
keri,1
kerry,6
kershner,2
kerzner,1
keto,2
ketty,3
kevin,7
key,38
keystone,3
kgb,1
khamenei,2
khan,2
khao,1
khashoggi,2
ki,333
kick,1
kid,15
kids,14
kiki,2
kiley,4
kill,17
killed,5
killing,7
kim,65
kimarlee,2
kimberly,4
kimchi,1
kind,4
kinder,1
king,88
kingdom,5
kings,3
kious,2
kipchoge,1
kirkpatrick,2
kirsten,1
kirstjen,1
kiss,2
kisses,1
kitroeff,1
kitsch,1
kk,9
kkk,1
klansman,4
kleinberg,2
kliff,1
klobuchar,3
kluger,1
kneeling,2
knicks,3
knock,2
know,4
known,3
knvul,1
ko,334
kobach,6
kobkulboonsiri,2
kodak,2
koestenbaum,1
kohan,1
kokama,2
kolata,1
kong,38
konitz,2
konrad,2
kopitiam,2
korber,1
korea,236
korean,11
koreans,2
koreas,2
kottas,2
kotz,1
kourlas,1
kovaleski,1
kramer,1
krastev,1
kraut,2
krieger,2
kripke,2
kris,7
kristi,1
kristof,4
krugman,7
ksk,1
kukushkin,1
kumar,1
kuppermans,1
kurt,2
kurutz,1
kushner,10
kwai,1
kwang,2
kyari,2
kyoto,1
l,11922
la,1050
lab,19
label,3
labels,2
labor,6
labour,1
lacrosse,1
lacy,7
lady,7
lafayette,4
laffer,2
laforest,2
laforgia,1
lafraniere,2
lai,42
lake,8
lakers,1
lakes,1
lakshmi,2
lamar,1
lamborghini,3
lana,4
lance,7
land,174
landler,1
landlords,1
landry,1
lands,12
landscapes,2
lane,10
laneeka,2
language,4
lanka,2
lankesh,1
large,4
larger,1
larry,6
last,17
lasted,1
lasting,1
late,17
latest,6
latif,2
latin,22
latina,16
latinos,2
laughlin,2
launch,2
laura,4
lauren,7
laurent,2
laurie,1
lausd,2
lavalle,1
lavanderia,2
laver,6
law,45
lawmakers,6
lawn,1
lawrence,2
laws,14
lawsuit,13
lawyer,1
layoffs,5
lazaro,3
lazy,2
ld,1599
le,2243
lead,18
leader,15
leaderboards,1
leaders,6
leadership,3
leafs,1
league,1
leak,10
leal,1
leandra,1
learning,4
leatherby,3
leave,8
leaves,4
lebanon,17
led,36
lee,210
leeds,2
left,5
leftover,2
leftovers,1
legacy,1
legal,10
legalized,1
legislation,2
lego,1
leila,6
leilani,2
leki,2
leland,2
lemmon,2
lemon,1
lend,10
lending,4
lenora,2
lens,2
leon,19
leonardo,2
leone,2
leonhardt,4
leonidas,2
leota,2
lerer,2
les,245
lesbian,2
lesley,4
less,29
lesson,5
lessons,3
let,146
lets,3
letter,117
letters,92
letting,2
leukemia,1
leung,1
levandowski,2
level,2
levi,78
levies,2
levitsky,2
lew,37
lewandowski,2
lewes,2
lewis,31
lexington,2
lg,18
li,2468
liability,1
liam,32
lianas,2
liberal,7
liberalism,2
liberals,2
liberto,2
liberty,2
libraries,1
libro,2
libya,1
license,2
lieber,4
lieberman,1
lied,1
lifa,2
life,26
lifeline,1
lift,1
light,64
lighthizer,2
lighting,1
lightner,1
lightning,2
lihua,2
liii,1
like,12
liked,1
likely,2
lil,6
lila,2
lilia,1
limit,7
limits,5
lin,224
lina,23
lincoln,2
linda,2
line,69
lines,13
lingers,1
linick,1
link,7
linked,3
linkedin,2
links,2
liolaemus,2
lion,27
lions,1
lionti,2
lipinski,2
lipton,1
liquor,2
lisa,5
list,49
listen,2
listings,1
lists,10
liter,6
literary,3
little,8
liu,9
live,102
lives,16
livestream,2
living,24
lizards,2
llama,1
lloyd,2
loan,22
loans,19
lobby,6
lobbyist,5
lobbyists,2
lobster,6
local,5
location,4
lockdown,14
locke,2
lockheed,1
locusts,1
loeffler,3
logan,1
logevall,1
lohr,2
lomax,1
lombardi,2
london,4
londono,1
loneliness,2
long,23
longer,1
longlist,2
longman,1
longo,2
look,11
looked,3
looking,2
looks,3
loopholes,1
lopez,2
lopukhin,2
lord,7
lords,6
lorena,2
lorenz,5
lorenzo,2
loring,1
lorraine,2
los,97
lose,13
losers,1
losharik,1
losing,13
loss,4
losses,1
lost,8
lotte,8
lou,22
louie,4
louis,8
louisiana,3
louisville,2
lousy,1
louvre,1
love,61
loved,1
lovett,2
low,50
lower,14
lowers,2
lowest,2
luchita,1
lucidi,2
luis,6
lujan,1
luke,1
lunch,2
lung,4
lungs,1
lupone,1
lure,7
luster,2
luxury,4
lyall,1
lydon,1
lyft,4
lying,2
lyme,1
lyndon,2
lynika,2
lynn,11
lynne,1
m,7202
maaza,2
mababa,2
mabele,2
maccapani,1
macedonia,1
macfarquhar,1
macniallais,2
macron,1
macur,1
made,8
madea,1
madeleine,1
madeline,3
madhvi,2
maduro,1
mae,4
mag,660
maga,639
magaya,2
magazine,635
magazines,2
maggie,7
magic,3
magical,2
maguy,1
mahatma,1
maher,1
mahomes,3
mahoney,2
mahopac,2
maids,6
mail,32
main,7
maine,6
majimbo,1
major,1
majumdar,2
makamba,2
make,29
makes,4
makeup,2
making,9
malaria,1
malaysia,12
malcolm,1
male,6
malik,1
malls,3
maloney,7
malware,2
mama,2
mamey,1
mamie,1
mammals,2
man,259
manafort,5
manage,1
mandalorian,2
mandavilli,2
mandela,1
manga,1
manhattan,7
manhattans,2
manicures,1
manila,2
manjoo,2
mankind,2
manny,1
manoella,1
mantel,4
manu,17
manuel,4
manuin,2
manus,9
manvendra,2
many,19
mao,2
map,10
maple,1
maps,4
marathon,9
marathons,2
marc,33
marcel,2
march,14
marco,2
marcus,7
margaret,15
margherita,2
margo,4
margot,3
marguerite,2
maria,17
marianne,3
maricopa,2
marie,9
marijuana,1
marine,6
marines,1
mario,8
marion,2
mark,73
market,58
marketing,2
marketplace,1
marlene,2
marlins,2
marlon,1
marny,2
maron,2
marriage,3
marries,2
marriott,1
marro,2
marry,1
mars,22
marsalis,2
marsh,7
marsha,4
marshall,3
marshmallow,2
marte,22
martha,2
martial,2
martin,10
martinez,2
mary,86
maryland,5
masayoshi,1
mashal,1
mashrou,2
mask,23
masked,1
masks,12
maslin,1
mason,1
mass,13
massachusetts,6
massie,1
master,3
matchmaking,1
matchy,4
mate,119
materials,1
maternity,1
matt,44
matter,11
matters,1
matthew,10
mattis,18
maureen,5
maurice,2
mauritius,1
max,10
maxwell,2
may,27
maya,6
mayaa,1
mayan,2
mayayoshi,1
mays,2
mazzei,2
mazzetti,2
mbs,3
mcalpine,2
mccabe,2
mccains,1
mccann,5
mccaskill,1
mcclatchy,2
mccloskey,1
mcconnell,4
mccormack,2
mcdaniel,1
mcdougal,1
mcenany,1
mcgahn,1
mcgehee,2
mcgowan,2
mcguire,2
mckay,2
mckinley,2
mckinnell,2
mcnally,3
mcnamara,2
mcneil,1
mcvay,1
md,4
me,1257
means,2
meat,2
meatpacking,1
mecca,4
med,121
medal,3
media,74
medicaid,2
medical,11
medicare,5
medicine,9
medina,3
medine,1
mediterranean,1
meet,11
meeting,8
meets,2
meg,13
mega,7
megan,6
megha,3
meghan,1
megyn,1
mel,47
melania,3
melbourne,9
melford,2
melissa,1
meloy,1
melted,1
member,6
membercenter,3
memers,1
memes,1
memo,16
memoir,4
memorial,8
memories,1
memory,2
men,342
menchari,2
mendelsohn,2
mendez,2
mendonca,2
meng,7
mengiste,2
mens,28
mental,9
merced,1
mercenaries,1
merchandise,1
merchant,2
merck,2
mercury,1
meredith,3
merely,1
merger,5
merrill,2
merritt,2
mervosh,2
mess,7
message,2
messages,1
messam,1
messenger,1
messias,2
met,16
methane,1
methodology,1
metoo,1
metropolitan,4
metz,4
mexican,6
mexico,44
mexicos,1
meyer,6
meyers,2
miami,1
michael,83
michaela,3
michelle,9
michigan,22
microbe,2
micron,1
microsoft,20
mics,11
middle,181
middleeast,176
mideast,4
midnight,2
midterm,5
midterms,1
midtown,1
midwest,3
migliozzi,3
migliucci,2
migrant,14
migrants,8
migration,14
mihir,2
mika,2
mike,15
mikovitz,2
mild,1
mile,9
milena,2
miles,3
milestone,1
military,16
milken,1
mille,12
millennials,3
miller,6
milley,2
million,10
mind,8
minder,1
mindless,1
minds,1
mindy,1
mine,13
minecraft,1
minerva,3
ming,30
minhaj,1
mini,16
mining,1
minister,2
minkah,1
minneapolis,10
minnesota,5
minorities,1
minority,4
minutes,5
miracle,3
miracles,2
miraculous,1
miriam,1
mirror,4
miscellaneous,1
misinformation,6
mision,3
miss,80
missile,34
missiles,5
missing,11
mississippi,8
missoni,5
missouri,11
missteps,1
missy,1
mistakes,1
mit,46
mitch,10
mitchell,4
miteff,2
mitigated,2
mitt,10
mixed,1
mixer,1
mkapa,1
mlangeni,2
mlb,8
mnuchin,7
mo,581
mock,2
mocking,1
model,4
moderate,1
modern,46
moderna,4
modi,6
modoc,2
module,2
moes,2
moguls,3
mohammed,2
molded,2
mom,15
moma,3
moment,6
momofuku,2
moms,3
mona,6
monahan,1
moncada,2
mondaire,2
monday,3
monet,4
monetary,2
money,37
moneygram,1
monfils,1
monica,3
monitor,3
monitors,1
monogamous,2
monopoly,1
monsoon,4
monsoons,1
montaigne,2
montana,2
monte,3
montenegro,1
month,8
monthly,3
months,4
montreal,1
monuments,6
moocs,1
mood,1
moon,11
moonlit,2
moons,1
moore,3
moose,2
morales,1
morant,2
moratorium,4
more,13
morgan,5
morikawa,1
morning,4
moron,2
morricone,1
morris,5
mortality,3
mortgage,11
mortgages,3
moscow,6
mosque,1
mosquitoes,1
moss,2
most,13
mostly,2
mosul,1
mother,4
mothers,3
motion,2
motivation,1
motoko,4
motorcyle,2
motors,2
moulton,1
mount,7
mountain,1
mouse,2
move,15
movement,5
movie,68
movies,64
moving,4
mozur,2
mrs,2
ms,134
mt,3
much,6
mueller,10
mugabe,1
muhammad,2
mujib,1
multiracial,1
multisystem,2
mundo,22
munroe,2
muppets,5
murals,1
murder,4
murders,2
murdoch,2
murio,2
murphy,3
murray,2
museum,14
museums,4
museveni,2
music,102
musical,3
musically,2
muslim,10
muslims,4
must,4
musudan,2
mutation,1
my,216
myers,2
myles,2
myopia,1
mystery,3
mzezewa,2
n95,1
naacp,1
nadal,2
nader,3
nadine,1
nadler,1
nafta,3
nagasaki,1
nagle,2
nagourney,2
nails,1
nairobi,1
nam,78
name,16
names,2
nancy,6
nannies,2
nansense,1
naomi,1
napolitano,1
narco,1
narendra,3
narrow,2
narrows,1
nas,33
nasa,14
nascar,2
nashom,2
nasser,1
nast,6
natalie,1
natasha,5
natastha,2
nathaniel,2
nation,86
national,51
nationalist,1
nations,10
native,5
nato,17
natural,3
nature,5
navajo,4
navalny,1
navarro,2
navy,4
nazi,10
nazis,1
nba,24
ncaabasketball,5
ncaafootball,7
ncuti,2
ndiaye,1
near,4
nearly,2
nebraska,3
necessarily,1
necessary,1
neck,3
necklace,2
need,8
needed,1
needs,2
negocios,11
negotiations,1
negotiator,1
negron,4
negroni,2
neil,6
neiman,2
nellie,1
nello,3
nelson,5
neman,1
neo,2
nepal,2
nerve,8
ness,676
net,68
netanyahu,13
netflix,6
netherlands,2
network,1
neumann,1
neutralize,1
nevada,2
never,7
new,288
newark,2
newcastle,2
newfoundland,1
newman,2
news,111
newsletter,60
newsletters,52
newspapers,4
newss,1
newt,5
newton,1
next,4
nfl,30
nguyen,2
nhl,7
nicaragua,1
nicas,2
nice,22
nicholas,10
nicholson,1
nick,15
nicolas,1
nielsen,1
nierenberg,1
nieto,8
nieuwendam,2
nigeria,1
night,15
nightclub,1
nightlife,3
nightmare,3
nih,1
nike,3
nikita,2
nikki,6
nilo,1
nine,2
ninja,1
ninos,2
ninth,1
nir,9
niraj,1
nisarga,2
niseko,1
nissan,2
nita,4
niven,2
nixon,5
nj,37
nneka,1
no,1121
noaa,2
noach,2
noah,4
nobel,1
noem,1
noir,3
noise,2
noma,2
nominations,1
nominee,3
nominees,1
nonbinary,2
none,1
nonfiction,4
nonviolence,2
noodle,2
noodles,1
nora,3
nord,6
nordic,2
nordstrom,3
noreetuh,1
normal,1
norman,2
north,170
northeast,1
northern,4
northwestern,2
nose,1
not,51
notable,6
notches,1
note,23
note7,6
notebook,1
notes,6
nothing,1
notice,4
notification,1
notre,1
nov,15
nova,10
novartis,2
novavax,1
novelist,1
now,23
nra,6
nsa,17
nuclear,31
nuisance,2
numbers,4
nunes,2
nunez,1
nur,15
nurid,2
nurse,2
nursing,9
nushagak,1
nuts,1
nxivm,1
ny,529
nyc,64
nypd,4
nyregion,315
nyt,4
o,18996
oath,1
obama,30
obamacare,8
obamas,1
obey,2
obits,1
obituaries,383
object,1
obliterate,1
obrien,2
obsession,1
obstruction,1
obvious,1
ocasio,6
occupy,7
ocean,3
octogenarian,1
odds,3
odio,2
of,385
off,66
offer,5
offers,4
office,17
officer,1
offices,1
official,9
officials,5
officiants,1
offshore,1
oficina,2
often,1
ogawa,1
ohio,6
oil,15
ojih,2
ok,718
okamoto,2
oklahoma,7
old,82
older,9
oliver,2
olivetti,1
olivia,3
olmsted,1
olvera,1
olympic,14
olympics,13
omen,63
on,5729
once,18
one,184
onewest,1
ongoing,1
online,33
only,4
op,1549
open,72
opening,47
opens,2
operation,2
opinion,984
opioid,7
opioids,1
oppel,2
opposition,2
oprah,4
opt,17
optimistic,1
option,5
optional,1
options,1
or,4511
orange,4
orbivores,1
orchestra,3
orchestras,2
order,32
orders,3
oregon,5
oreilly,3
organic,1
organization,5
original,3
origins,4
orinda,1
orlando,3
orleans,5
orourke,1
orson,1
ortiz,4
orville,1
orwell,2
oscar,2
oscars,1
ota,33
other,31
otterman,1
ouqing,2
our,182
out,235
outbreak,12
outbreaks,1
outdoor,8
outsell,1
outside,3
outsider,1
over,93
overcrowding,3
overflowing,1
overhaul,2
overhyped,1
overlapping,1
overloaded,1
overlooked,2
overseas,2
oversight,2
overview,2
ovide,2
ovnis,1
owens,3
owl,18
own,66
owned,1
owner,1
oxiris,2
oxygen,2
ozarks,1
p,15970
pabatao,2
pac,44
pace,24
pacheco,2
pacific,6
package,1
packets,2
padma,2
pagans,2
page,19
pageoneplus,4
pages,10
pagetype,2
paiakan,2
paid,4
pain,15
painful,1
pair,6
pairs,1
pakistan,20
pakistani,1
paleogenomics,1
palestine,4
palestinian,8
palestinians,3
palin,1
palm,2
paltrow,1
pam,6
pan,229
panama,3
pancakes,1
pandemic,26
pandemics,3
pandillas,2
panel,1
panicale,1
panthers,1
pants,5
paowalla,2
pape,21
paper,19
paperback,4
papua,1
paradise,2
parallel,1
parasite,1
parcels,1
pardon,6
pardons,2
pareles,1
parent,47
parenthood,2
parenting,15
parents,28
paris,5
park,56
parker,4
parkinsons,2
parkland,2
parks,3
parlapiano,1
parliament,2
parliamentary,1
parole,2
parrot,1
parshina,2
part,42
partial,1
parties,6
partner,1
parts,1
party,17
partys,2
parul,2
pascack,2
paso,2
pass,7
passes,1
passions,1
passman,2
passport,2
past,19
pasta,3
paste,1
pastor,2
pastry,3
pat,55
patel,5
patels,1
patent,1
path,5
patient,4
patients,3
patio,1
patricia,8
patrick,9
patriot,4
patriots,2
patron,2
pattern,3
patterns,2
patti,1
patty,2
paul,21
paulinho,2
pay,16
payadue,1
payback,1
paybarah,1
paycheck,3
payment,4
payments,3
payroll,2
peace,7
peaceful,1
peacemakers,1
peanut,1
pebble,1
peck,1
pediatrics,1
pedro,2
pellet,1
pelosi,3
peltier,1
pemex,2
pena,7
pence,10
penguins,2
penney,1
pennsylvania,3
pentagon,5
people,11
peoples,3
pepper,1
perdomo,1
perfect,6
performances,1
performers,2
period,1
perkins,1
perlow,2
perriand,1
perry,4
persia,6
persian,5
person,68
personal,47
personaltech,46
personnel,1
perspectives,1
pesticides,2
pete,24
peter,13
peterson,1
petes,2
petrocelli,2
petroleum,1
pets,6
petty,2
pew,2
pfahl,2
pfizer,2
pga,4
phaedra,1
pharma,3
pharmacy,1
phase,4
philadelphia,3
philadephia,1
philanthropy,1
philip,5
philippines,3
phillies,1
phillipson,2
philosophy,3
phobos,1
phoebe,2
phone,13
phones,3
photo,11
photographer,2
photography,1
photos,7
phyllis,1
pianigiani,1
piano,2
pichai,1
pick,10
pickle,2
picks,3
pico,2
picture,7
pictures,2
pie,8
pier,4
pierre,3
pietsch,2
piezo,1
pig,3
piketty,1
pilgrimage,2
pilgrims,2
pilot,1
pindell,1
pinker,2
pinkerton,1
pino,5
pinterest,2
pioneer,1
pipeline,4
pipelines,2
pippins,2
piracy,7
pistol,1
pits,1
pixel,4
pizza,9
pizzagate,3
pizzarelli,2
place,13
places,2
plague,3
plaid,4
plan,41
plandemic,4
planet,1
planned,3
plans,3
plant,7
plantation,1
plants,1
plasma,9
plastic,3
plates,1
platforms,2
play,19
playboy,1
played,2
player,5
players,4
playlist,4
playroom,2
plays,1
playwright,1
plaza,1
plea,6
please,1
pledge,2
pledges,1
plot,2
plumer,1
plummeting,1
pmis,1
pneumonia,2
pod,160
podcast,156
podcasts,108
podesta,2
podestas,1
poem,21
poetry,5
point,3
points,1
poison,2
poisoning,1
poker,2
polanco,2
poland,5
police,48
policeman,2
policies,3
policing,2
policy,16
policy#how,1
political,7
politician,4
politicians,2
politics,1054
poll,35
pollan,1
polling,1
polls,11
pollution,7
polly,1
polyamorous,1
pompeo,7
pooled,1
pools,3
poop,2
poor,5
pop,38
popcast,23
pope,1
popovich,2
popper,2
popular,3
popularity,1
pornography,1
port,321
portal,1
porter,10
portland,59
portrait,2
portraits,1
portrayed,1
portsmouth,1
pose,3
positive,4
possible,3
post,19
postal,7
posters,1
postpone,6
postponed,3
postpones,1
pot,49
potential,3
povera,2
poverty,4
pow,14
powell,5
power,8
powerful,1
ppp,10
prague,1
prawn,1
precheck,2
precinct,2
prediction,2
pregnancy,3
premature,1
prep,4
prepare,3
prepares,1
prequel,1
prescription,1
preseason,1
present,1
preserver,2
presidency,2
president,81
presidenta,1
presidential,26
presidents,5
press,11
pressed,3
pressure,1
pretender,2
prevails,1
prevalence,1
prevent,7
preventing,1
prevention,5
preview,3
price,12
priced,2
prices,3
pricing,1
prickly,1
pride,2
priebus,1
priest,3
priests,1
primaries,4
primary,67
prince,13
princess,2
princeton,1
prine,2
print,7
prints,1
prison,11
prisoner,2
prisoners,1
prisons,2
privacidad,1
privacy,44
private,10
prize,6
pro,245
probiotics,2
problem,4
problems,2
process,20
processed,1
processing,17
processor,1
prodding,1
produce,2
producer,1
producing,1
product,7
production,4
productivity,1
profile,2
profit,4
profits,2
program,10
progress,10
progressive,8
prohibicion,2
project,12
projects,4
prominent,1
promise,4
promo,5
promoter,2
prompting,2
propaganda,1
propelled,1
proper,3
properties,2
proposals,1
propositions,1
pros,5
prosecutor,2
prostitution,2
proteccion,2
protect,11
protection,4
protections,1
protects,3
protess,2
protest,109
protestant,3
protestants,1
protestas,3
protested,1
protester,5
protesters,3
protests,73
proust,3
prousts,1
provincetown,2
proving,1
provisions,1
provocateur,1
prowess,1
proxy,1
pruitt,1
pssst,1
psychological,1
pt,78
public,67
published,1
puck,2
puerto,6
pull,2
pulls,1
pummeled,1
punch,1
punter,1
puppet,1
pure,1
purge,4
purkert,1
purkey,1
purvis,2
push,1
putin,9
putins,1
puzzle,12
puzzles,10
puzzling,1
q,177
q2,4
q4,1
qanon,8
qassem,1
qatar,2
qin,4
qiu,1
qualcomm,1
qualifying,1
quarantine,23
quarantines,1
quarterback,1
quarters,2
quartz,2
que,49
queen,6
queens,5
queenstown,1
queer,4
question,18
questions,13
quien,1
quiet,1
quinto,1
quite,1
quiz,3
quotation,5
r,17001
rabbi,7
rabbit,3
race,24
racehorse,2
races,1
rachel,2
racial,11
racing,10
racism,20
racismo,1
racist,2
radio,2
rae,68
rafael,8
rafiki,2
rafsanjani,2
ragaa,2
rage,11
raices,2
raid,3
railroad,1
rails,1
rain,38
raina,1
rainier,1
raises,6
raising,11
raj,3
rajapaksa,1
rallies,1
rally,12
ralph,2
ramadan,2
rambo,1
ramjee,2
rams,2
ramy,1
ramzy,2
rana,1
randall,2
randonautica,2
range,16
rank,16
rankin,5
rankine,3
rankines,1
rao,2
rape,3
raphael,1
rapid,5
rapinoe,2
rappeport,2
rapper,1
raqqa,2
raquel,2
rash,10
rashbaum,2
rashida,2
rate,47
rates,8
ratings,1
rationing,2
rats,24
raul,1
rauschenberg,2
raven,6
ravenell,2
ray,14
rayfield,1
raymond,4
rb,77
rd,266
reached,4
reacher,2
reacts,1
read,32
reader,11
readers,3
reading,6
ready,1
real,115
realestate,81
reality,1
really,2
reapertura,2
reason,5
reasonably,2
reasons,2
reassessing,1
rebecca,3
rebels,2
rebound,1
rebrote,1
rebuked,2
recall,2
recap,1
receives,1
recent,3
recession,3
recipe,13
recipes,2
reclaim,1
reclusive,1
recognition,22
recommend,16
recommendation,12
recommendations,5
reconocimiento,4
record,9
recording,2
records,2
recount,1
recovery,8
recruiting,2
red,77
redhead,2
redick,2
redlinings,1
redskins,4
reduce,2
redux,1
redzepi,1
reed,14
reelection,2
ref,33
refinery,2
reflects,1
reform,2
refugee,16
refugees,8
refund,10
refunds,7
regain,5
regained,1
regarding,1
regional,1
regreso,2
regular,1
regulations,1
regulator,3
regulators,1
rei,37
reich,4
reid,5
reiner,1
reinfeccion,2
reinfection,1
reject,2
rejecting,1
related,1
relations,5
relationship,2
relatively,2
relatives,1
relay,1
release,4
released,1
relic,2
relief,17
religion,1
religious,4
relocation,2
remake,3
remaking,1
remark,3
remarks,2
remaster,2
remdesivir,1
remembering,1
remesas,1
remittances,2
remote,8
remy,3
ren,209
renada,2
rene,12
renee,1
renewable,6
renewables,1
renkl,2
rent,64
renters,6
reopen,51
reopening,44
reopenings,5
rep,102
repair,2
reparations,5
repatriation,1
repeal,2
replace,5
replaced,2
replacement,1
report,23
reporter,5
reporters,1
reporting,1
reports,3
reprieve,2
reptile,1
republic,52
republican,50
republicans,31
repurposing,2
request,1
rescue,2
research,1
reserve,9
resigns,6
resistance,2
resonate,1
resorts,1
resource,2
respect,1
respond,2
response,7
rest,117
restart,5
restarting,2
restaurant,59
restaurants,14
restaurateur,1
restored,1
restrictions,8
restricts,1
restructure,2
rests,6
result,80
results,79
resurrects,1
retail,2
retaliation,1
retire,6
retirement,4
reto,1
retraining,3
retrasar,2
return,13
returning,4
returns,4
reuters,18
reveal,1
revenue,1
reversal,1
review,308
reviews,30
revivals,1
revolucion,2
revolution,4
revzen,2
rewrite,1
rex,19
rey,29
reyes,2
rhett,1
rhiannon,1
rhinoplasty,1
rhode,4
ribs,2
ricardo,4
rice,20
rich,35
richard,10
richards,1
richmond,3
richtel,2
rick,21
ricky,1
rico,10
rid,61
riders,1
rifle,3
right,18
rights,10
rinaldi,2
ring,75
rio,38
riots,8
ripped,4
rips,2
rise,6
rises,1
rising,1
risk,7
risky,2
rivals,1
rivera,1
riyaz,1
rnc,5
road,23
rob,62
robbins,1
robby,2
robert,33
roberta,1
roberto,3
roberts,2
robertson,1
robinhood,6
robles,1
roblox,1
robot,5
rock,15
rockaway,3
rockaways,1
rocket,8
rockets,1
rockettes,2
rod,19
roddy,1
rodney,2
rodrigo,1
roe,8
roger,20
rogers,2
rohingya,1
rois,1
roitfeld,1
rojas,2
roku,1
roland,4
role,7
roll,7
rollbacks,1
roman,7
romance,2
rome,5
romero,2
romi,7
romney,8
ron,1357
ronald,2
roney,2
ronny,1
room,11
roomfordebate,1
roommate,2
rooster,2
rootless,2
roots,2
rosa,4
rosalia,1
rose,8
rosemary,1
rosenthal,1
roses,1
rosita,1
ross,22
rossi,3
rothschild,2
rottoli,2
rottura,2
round,15
route,2
routine,1
rover,2
row,50
rowley,9
roy,24
royal,4
royale,2
ru,2540
ruben,2
rubio,1
ruchir,1
rudy,5
rugby,1
ruge,1
ruizs,1
rule,7
ruled,2
rules,4
run,20
runner,1
running,2
runoff,2
runway,1
rural,2
rush,12
rushed,2
rushmore,2
russ,108
russell,1
russia,105
russian,23
russians,4
russias,1
ruth,8
ryan,11
rychter,1
ryder,2
s,27710
s6,4
sablone,1
sabotage,2
sabrina,2
sachin,1
sachs,7
sachss,2
sackoff,2
safaris,1
safe,7
safety,5
said,5
saint,4
saints,1
sal,61
salad,8
salamishah,1
salaries,1
salas,4
sale,28
saleh,4
sales,2
salk,1
sally,3
salman,1
salmonella,2
salud,2
salvatore,2
salzburg,1
sam,74
samanth,6
samantha,4
same,6
sameer,2
samin,1
samira,1
sample,3
samsung,40
samsungs,3
samuel,8
samuelsson,2
san,118
sanae,1
sanctions,12
sanctuary,1
sandeep,4
sanders,17
sandoval,2
sandra,6
sands,1
sandwich,1
sandy,2
sane,1
sanford,1
sanger,2
sanitizer,9
sanitizers,3
sanofi,2
santa,4
santanna,2
santiago,2
santillana,1
santora,1
santos,2
sanz,2
saoirse,2
sara,12
sarah,9
saratoga,1
sat,20
satariano,2
satisfies,1
saturday,2
saturns,1
sauce,2
saudi,27
saul,5
saunders,6
sauz,2
savage,1
save,9
saved,2
saving,5
savings,3
say,25
saying,1
says,20
scallops,1
scam,2
scandal,5
scaramucci,1
scare,1
scavenging,1
scene,4
scenes,1
schaller,1
schedule,2
schemes,4
schiller,2
schlesinger,2
schmidt,1
schmitt,1
school,110
schools,67
schrodinger,1
schultz,7
schur,1
schutts,1
schwartz,1
schwirtz,2
science,117
sciencetake,2
scientist,1
scilanga,2
score,4
scores,1
scotia,2
scott,13
scowcroft,2
screen,5
screenland,2
scruton,1
sculpture,1
se,1199
sea,52
seal,2
sean,2
search,10
seaside,2
season,13
seattle,13
sec,303
second,6
secret,32
secretary,22
secretive,2
section,207
secures,2
securities,1
security,50
sedaris,1
seeing,2
seeks,1
seelye,1
seen,2
sees,3
segal,1
segui,2
sehgal,2
seimetz,2
seize,1
sekaquaptewa,2
self,30
selfi,3
selfishness,2
sellers,27
selling,2
sells,2
semillas,2
senate,39
senator,7
senators,3
send,1
senegal,2
senior,6
seniors,1
sensitives,2
sentence,15
sentenced,2
sentences,11
sentencing,5
separated,2
separation,1
separatist,1
september,1
sepulveda,2
sequoias,1
serena,1
serendipity,1
serene,2
serge,4
sergeant,2
sergio,4
serial,3
series,8
serrano,2
servers,1
service,11
servicio,2
sessions,6
sestak,1
set,31
seth,5
sets,2
settings,1
settlement,8
settlements,3
settlers,1
settles,2
several,1
sewing,3
sex,33
sexism,2
sexual,16
shabazz,2
shack,3
shadow,6
shah,2
shake,4
shakespeare,2
shaking,1
shakuntala,1
shalini,1
shaman,1
shanahan,2
shane,3
shanghai,1
shapiro,3
share,7
shares,6
sharing,4
sharma,3
sharmahd,2
sharon,5
sharp,2
sharpton,1
shatters,1
shawn,2
she,46
shea,4
shear,2
sheep,3
sheera,2
sheikh,1
shelden,2
sheldon,2
shelter,2
sheriff,4
sherwell,2
sherwood,2
sheryl,1
shift,1
shimura,2
shinzo,7
shira,2
shock,2
shockwave,1
shooting,12
shootings,5
shop,7
shopper,1
shopping,4
shores,2
shorey,2
short,11
shortage,6
shortfall,2
shortfalls,1
shot,53
shots,1
should,11
shouxiang,2
show,29
showing,1
shows,3
shrimp,1
shuggie,2
shuna,1
shutdown,2
sia,662
siblings,2
sicario,2
sick,2
side,108
siege,4
siegel,2
siena,2
sign,97
signal,3
signaling,1
signals,1
signed,1
signs,7
signup,22
sigrid,1
sil,59
silberman,2
silence,4
silencer,2
silencers,1
silencing,2
silent,2
silicon,5
silk,1
silver,4
silvia,1
simmons,2
simple,1
simulus,2
since,2
singapore,1
singer,4
singhvi,2
single,2
sinking,2
sinks,1
sister,2
siti,15
six,3
sixtus,1
skating,1
skeleton,2
sketch,1
skills,1
skin,14
skipper,1
sky,16
skye,4
skyes,2
skyline,1
slack,1
slash,1
slave,5
slavery,4
sledding,2
sleepwalker,1
sleepy,2
slide,21
slideshow,19
slime,1
slow,4
slowdowns,1
slows,1
sls,1
slump,1
small,45
smallbusiness,5
smalls,2
smart,23
smarter,20
smartphone,1
smell,5
smialek,1
smid,1
smith,7
smithsonian,1
smoking,1
smoky,2
smollett,1
smyth,1
snakehips,2
snap,1
sneakers,1
sneaky,1
snider,1
snooker,2
snoop,2
snow,2
snubs,2
snyder,2
so,616
sobelle,2
sobelles,1
sobrevivientes,2
soccer,13
social,16
society,4
soderbergh,2
sofreh,2
softbank,2
software,1
soho,1
sol,27
solanas,1
solar,2
sold,10
soldier,5
soldiers,4
soleimani,1
solid,3
soliders,1
solitude,2
solomon,2
solve,1
somalia,1
sombreros,2
some,11
somerville,1
sommer,1
son,279
sondheim,2
sondland,2
song,11
songbirds,1
songs,4
sons,12
sony,10
soon,12
sophia,3
soprano,2
sorkin,2
soros,1
sos,2
sothebys,5
sought,1
soul,3
soup,2
source,4
sousa,2
south,139
southeast,1
souvenir,2
soviet,4
sow,2
soy,1
sp,629
space,22
spacex,15
spain,11
spanish,1
speak,18
speaker,4
speakers,1
speaking,2
speaks,7
spearfishing,2
special,7
species,1
spectre,1
speech,9
speed,3
speedway,1
spelling,1
spending,5
spengler,1
sperm,1
spicy,1
spill,2
spiritualism,2
splash,2
split,1
spoil,1
spoke,5
sporting,2
sports,200
spot,45
spotlight,40
spots,2
spotted,2
sprawling,2
spray,2
spread,8
spreads,1
spree,1
spring,11
springer,1
springs,3
springsteen,1
spurns,1
spurs,2
spy,10
spying,1
square,4
sri,2
ssam,2
st,2409
stack,3
stacy,2
stadiums,3
staff,1
stakeholders,1
stalker,1
stamps,3
stand,4
standing,2
stanford,2
stanley,2
star,26
starbucks,2
starr,2
stars,1
start,13
startup,2
startups,1
starwood,2
stasio,1
state,158
statement,2
statements,1
states,24
statistics,2
stats,1
statue,12
statues,9
status,1
statute,1
stay,4
staycation,2
steampunk,1
steamy,1
steel,6
steele,4
steelers,1
steered,1
stegner,2
stein,20
steinhauer,1
stella,2
step,33
stephan,4
stephanie,2
stephen,15
stephenie,2
stephens,4
steps,3
stereotype,1
sternberg,2
steve,33
steven,21
stevens,4
stevenson,2
stew,5
stewart,3
steyer,2
sticker,1
stigma,1
still,30
stimulus,16
stipe,1
stitches,3
stock,60
stocks,8
stolberg,1
stomach,1
stone,28
stonehenge,4
stonington,2
stop,15
stops,2
store,8
stores,3
stories,9
storm,31
storming,1
stormont,1
storms,2
stormy,5
story,11
straight,1
strain,1
strange,8
strangers,1
strategies,1
strategy,1
stream,9
streaming,4
street,16
streets,2
stress,4
stressed,3
strip,3
stripes,1
strong,6
strozier,2
struck,1
struggling,6
stuart,2
stuck,2
stud,23
student,20
students,8
studies,1
study,1
stumbles,2
sturgis,2
style,230
styln,6
su,765
subject,1
submarine,4
submissions,1
submits,1
subpoena,5
subscription,4
substack,2
substance,1
suburban,4
suburbs,3
subway,5
successfully,2
successor,2
such,3
suck,1
sudan,3
sudoku,1
sues,7
suffered,2
suffrage,7
suffragist,1
sugar,21
suhasini,1
suicide,1
suit,15
suitor,1
sullivan,3
sultana,2
sumi,2
summer,35
summers,1
summit,1
sun,191
sunday,144
sunny,3
sunscreen,1
super,17
superblue,2
superfans,2
supermen,2
superspreading,1
supply,6
support,5
supporting,1
supreme,23
sure,5
surfaces,1
surge,6
surgeons,2
surgery,2
surgical,1
surprise,1
surveillance,4
survival,1
survive,9
survived,1
surviving,1
susan,6
susana,2
susanne,2
sushi,1
suspect,8
suspend,3
suspends,2
suspension,2
sustainable,1
suv,1
suzanne,1
swaddles,1
swalwell,1
swamp,1
swanson,3
sweatpants,3
sweden,1
swedish,1
sweeney,1
sweeping,2
sweet,6
sweetgreens,1
sweetheart,2
swift,10
swiftly,2
swifts,1
swing,2
swisher,1
sydney,4
symbols,2
sympathetic,2
symptoms,6
synairgen,1
syndrome,1
syrdal,1
syria,26
syrian,3
syrians,1
syringe,1
system,7
szalai,2
t,24579
tabaski,2
tabrizy,1
tacey,1
tadashi,2
tagovailoa,1
tahdig,1
tail,8
tailored,2
taiwan,11
taiwanesa,2
taiwans,1
take,16
takeaways,1
takes,10
taking,4
tale,2
talf,2
taliban,5
talk,21
talked,1
talking,3
talks,11
talley,2
tamaki,1
tammy,9
tan,122
tana,7
tango,2
tanio,2
tanker,3
tankersley,2
tantaros,1
tanzania,4
tanzanias,2
tao,4
taps,1
tara,3
target,7
targeted,2
targets,2
tariro,2
tarlach,2
tart,14
task,1
taste,3
tata,7
tate,160
tati,17
tattoos,1
taub,1
taught,2
tavern,1
tax,44
taxes,17
taylor,29
tea,20
teacher,5
teachers,3
team,10
teams,1
tear,1
tech,470
techniques,1
technologies,1
technology,356
techs,2
techtip,1
tecnologia,23
ted,109
teen,12
teenager,4
teenagers,2
teens,1
teeth,1
tejal,2
tekashi,1
telegram,1
telemedicine,7
telescope,3
televisa,2
television,70
telgemeier,1
tell,15
temperature,2
ten,85
tender,7
tenderness,2
tenders,1
tendol,2
teng,2
tennessee,5
tennis,16
tension,2
tensions,1
tent,16
terence,1
teresa,2
terese,1
term,16
terminator,1
terms,2
terner,1
terrence,2
territory,1
terror,2
test,190
testaments,2
tested,6
testimony,13
testing,29
tests,77
texas,19
text,4
thaad,12
thae,4
thai,7
thailand,6
than,16
tharp,1
that,39
thatcher,1
thats,8
the,728
theater,30
thedaily,1
theft,1
their,9
them,8
theory,3
therapist,3
therapists,1
therapy,1
there,16
theres,10
theresa,9
these,9
they,8
thi,60
thieves,1
things,9
think,2
third,2
this,25
thomas,17
those,4
thought,1
threat,7
threats,1
three,8
thrillers,1
thrive,1
thrones,1
through,5
throwing,1
throws,1
thrush,1
thursday,2
tibetan,1
tie,55
tiffany,1
tiger,6
tightens,1
tightrope,1
tik,94
tiktok,88
tiles,1
till,44
tillerson,11
tillet,1
tim,88
time,38
timeline,1
times,20
timothy,2
tiny,6
tip,9
tips,6
titan,2
titans,1
titles,2
tito,2
tiz,22
tlaib,4
to,1096
tobacco,1
today,56
todaynl,1
todays,8
todayspaper,7
todd,1
toilet,1
tok,99
tokyo,2
told,1
toll,7
tom,38
tommy,1
tomorrow,2
tong,2
tonga,1
tonic,2
tony,5
too,13
took,3
tool,6
tools,1
tooth,1
top,50
topic,21
toquilla,2
toren,2
tornado,2
toronto,3
torres,6
torture,2
total,1
tote,2
touch,4
touched,1
touching,1
tour,13
tourism,7
tours,3
toussant,2
toutiao,5
towel,2
tower,2
town,15
toxic,2
toyin,2
toyota,1
toys,1
tpp,2
trabajo,1
tracing,9
tracker,3
trackers,1
tracking,2
tracy,1
trade,44
trader,3
trading,4
trafficking,1
tragedy,1
trailer,1
train,11
trans,26
transcript,3
transgender,5
translator,1
transmision,1
transmission,2
transparency,2
transplant,1
transport,6
transportation,4
trap,1
trashes,2
trashion,1
travel,152
traveldispatch,2
traveler,6
travelers,2
travels,1
treasury,7
treat,7
treating,1
treatment,3
treaty,1
trebay,1
trebek,2
tree,21
trees,2
trenches,2
trend,2
trethewey,2
trevor,2
triage,2
trial,9
trials,3
tribal,2
tribute,2
trick,10
trident,2
tried,3
tries,5
trillion,1
trilobites,2
trip,16
tripped,3
tripping,1
trips,1
tronos,2
troop,6
troops,5
tropical,11
troubles,1
trousdale,2
troy,9
truants,1
truce,1
truck,4
trucks,1
trudeau,7
true,7
trujillo,2
trump,865
trumpocracy,2
trumps,15
trust,9
trusted,1
trustees,2
truth,3
truvada,1
try,19
trying,3
ts,1180
tsa,4
tsarnaev,2
tshiuetin,1
tsufura,2
tua,403
tuberculosis,3
tucker,3
tuesday,3
tuition,2
tulsa,6
tulsi,2
tumin,1
turbulence,1
turing,1
turismo,2
turk,13
turkewitz,2
turkey,8
turkish,2
turmoil,2
turn,19
turnbull,1
turned,2
tv,24
tweens,1
tweet,2
twilight,6
twin,3
twins,2
twist,1
twitter,43
two,21
twohey,1
twoyear,1
twyla,1
ty,456
tyler,1
type,5
typewriters,1
tyrese,2
u,10471
uae,5
uber,14
ubicacion,1
uchida,1
uganda,2
ugly,2
uighur,4
uighurs,3
uk,54
ukraine,18
ullrich,1
ulrichs,1
ulster,1
ultra,2
umbrella,1
un,712
uncle,2
unconditional,2
unconstitutional,1
under,22
underappreciated,1
undermines,2
underpaid,3
underwear,1
unease,1
unemployed,2
unemployment,50
unexpected,1
unexplained,2
unfair,2
unflattering,2
unforgettable,1
unhitched,2
unidos,20
unilever,1
union,9
unions,1
unit,53
united,45
unity,7
universidad,1
universities,2
university,3
unknown,2
unrest,3
unsettling,1
unsexy,2
until,1
untitled,1
unwinding,2
up,227
update,9
updated,2
updates,1
upgrade,3
upgrades,1
upland,1
upper,3
ups,54
upshot,49
uranium,2
urban,11
urge,11
uribe,6
urticaria,2
us,4741
usa,29
usar,2
use,144
used,7
users,1
uses,9
using,14
usmca,4
usopen,1
usps,2
utah,2
utility,2
utopia,4
v,4370
va,273
vacation,3
vacations,1
vaccine,64
vaccines,3
vacuna,4
val,41
valentina,2
valentines,1
valentino,2
valerie,3
valet,1
valley,13
valued,1
vampire,2
van,37
vance,1
vandalism,1
vanee,2
vanessa,6
vanguard,1
vaping,2
vara,1
varias,2
varies,1
vasquez,2
vega,2
vegetables,2
vegetarian,2
venezuela,4
venice,4
ventilators,2
venture,5
venturini,1
venugopal,1
verdicchio,2
verdict,3
vermont,4
veronica,1
versatile,2
versus,1
vertex,1
vertiz,2
very,20
vesper,2
veterans,6
vets,1
viajar,2
vice,29
vicenza,1
vickey,2
victim,4
victims,2
victor,21
victoria,6
victorian,2
victory,5
vida,7
vidcon,1
videgaray,2
video,110
videogame,2
videogames,1
videos,2
vietnam,28
view,355
viewers,1
viewing,3
views,32
vigdor,2
villa,6
village,4
vince,10
vincent,6
vindman,5
vineria,1
vines,2
vino,2
violation,2
violations,1
violence,11
violencia,2
violin,2
viral,3
virgin,11
virginia,8
virtual,13
virus,1339
visa,8
visas,2
vision,76
visit,3
visits,1
visual,1
vital,1
vittorio,2
vivian,1
vizcaino,2
vladimir,3
vlogging,1
vocal,2
vodafone,1
vogel,1
vogue,1
voice,2
voices,1
volker,2
volunteer,2
vomit,1
von,6
vosoritide,1
vote,38
voter,19
voters,13
votes,1
voting,27
voyages,2
vp,4
vs,9
vuitton,1
vulnerability,2
vx,10
w,3779
wage,2
wagyu,1
wahhabism,2
wai,8
waiting,1
wakin,1
waldemar,2
waldorf,1
waldstein,2
walk,16
walker,10
walkers,2
walking,2
walks,1
wall,31
wallace,5
waller,1
walmart,1
walsh,1
wandering,4
wang,4
want,7
wants,1
wanzhou,5
wap,1
war,101
wardrobe,1
warhol,1
warm,2
warming,1
warner,4
warnings,1
warns,1
warp,4
warplanes,1
warren,19
wars,2
warzel,2
was,46
wash,26
washington,25
wasnt,3
wasserman,2
waste,3
wasting,1
watch,36
watchdog,1
watched,1
watchers,1
watching,22
watchlist,5
watchmen,2
water,6
waterfront,2
watermelon,2
watkins,4
watts,1
waukesha,1
wave,2
way,38
wayfair,1
wayne,4
ways,5
wd,13
we,340
wealth,9
wealthy,3
weapons,4
wear,6
wearhouse,2
wearstler,1
weather,2
webb,4
webber,2
weber,2
webster,2
wechat,6
wed,55
wedding,44
weddings,38
wednesday,2
week,11
weekend,7
weekinreview,1
weekly,1
weems,4
weight,2
weijing,1
weiland,2
weinberg,1
weinstein,4
weird,2
weirdwood,1
weise,4
weiser,2
weiyi,1
weld,1
well,58
welles,1
wells,2
wen,8
wentz,1
were,2
wernig,2
wesley,3
west,26
westworld,2
wework,1
whales,1
what,69
whats,16
wheat,1
wheeler,3
wheels,1
when,16
where,2
whether,3
which,2
while,3
whimsical,1
whirlwinds,1
whisky,1
whistle,2
whistleblower,1
white,57
whitfield,1
whitmer,1
whitney,2
who,34
whos,1
why,14
wi,342
wicker,1
wide,1
widow,1
wife,1
wikileaks,4
wikum,3
wilbur,6
wildair,1
wilders,3
wildfires,3
wilford,1
wilkerson,4
wilkie,1
will,48
willi,34
william,28
williams,11
williamson,1
willie,5
wilson,10
win,48
window,1
wine,12
wines,2
winfrey,2
wing,15
wink,1
winner,2
wins,3
winter,5
wipes,1
wirecutter,10
wireless,2
wisconsin,15
wiser,1
with,56
withdrawal,3
witnesses,2
witz,5
wnba,4
wolf,5
wolfe,1
wolff,1
wolfgang,2
wolk,1
woman,13
womans,1
women,56
womens,13
won,8
wong,1
wont,3
woo,33
woodard,2
wooden,2
woodhull,2
woodrow,3
woods,3
woodson,1
woody,2
word,13
wordplay,1
words,8
wordsmith,1
work,61
worked,1
worker,21
workers,18
working,11
workouts,3
workplace,1
world,1201
worldbusiness,1
worried,1
worse,2
worsens,1
worst,11
wortham,1
worthy,2
would,4
wouldnt,1
wounded,1
wounds,2
wrenching,1
wrestling,1
write,8
writer,5
writers,3
writes,1
writing,2
wrong,1
wu,12
wuhan,3
wwii,4
wynn,2
wyoming,7
x,521
xfl,2
xi,95
xinjiang,5
xiong,2
xkcd,2
xl,1
xu,22
y,4712
yaakov,2
yahoo,1
yale,4
yang,3
yankees,2
yards,1
yasir,2
yasmin,2
yau,1
year,13
years,9
yee,6
yemen,7
yet,5
yiyun,3
yogurt,2
yoho,2
yoko,1
yong,10
yoons,1
york,70
yorkers,2
yorks,2
yoshiko,1
yoshitomo,2
you,111
young,14
youngs,2
your,67
youre,2
yourish,2
yourtaxes,1
youssef,1
youtube,4
yrc,2
yu,16
yukio,2
yuliya,2
yupadee,2
yurok,2
yves,2
yvonne,2
z,1137
zadie,2
zaman,2
zambia,1
zane,2
zaveri,2
zawe,2
zealand,2
zelizer,2
zendaya,2
zephyr,2
zero,5
zh,25
zhang,6
zhangrun,2
zhengfei,1
zhenhua,1
zhong,2
zhu,2
zimbabwe,4
zimbabwean,2
zimmer,1
zinke,1
ziwe,3
zoe,2
zolan,2
zone,2
zones,1
zoom,8
zororo,2
zte,9
zuckerberg,12
